{
  "56": {
    "branch": [
      31,
      33
    ],
    "gen": [
      1,
      19
    ]
  },
  "35": {
    "branch": [
      17,
      32
    ],
    "gen": [
      73,
      14,
      20
    ]
  },
  "60": {
    "branch": [
      34,
      18,
      32,
      38,
      1
    ],
    "gen": [
      79
    ]
  },
  "67": {
    "branch": [
      31,
      7
    ],
    "gen": [
      18,
      16
    ]
  },
  "73": {
    "branch": [
      38,
      28
    ],
    "gen": [
      74,
      22,
      12
    ]
  },
  "115": {
    "branch": [
      38,
      2,
      29
    ],
    "gen": [
      16
    ]
  },
  "112": {
    "branch": [
      30,
      18
    ],
    "gen": [
      11,
      21,
      79,
      73
    ]
  },
  "185": {
    "branch": [
      35,
      4
    ],
    "gen": [
      74,
      16,
      7,
      1
    ]
  },
  "86": {
    "branch": [
      28,
      20
    ],
    "gen": [
      21,
      4
    ]
  },
  "168": {
    "branch": [
      17,
      21,
      2
    ],
    "gen": [
      8,
      79
    ]
  },
  "183": {
    "branch": [
      22,
      29,
      10
    ],
    "gen": [
      1,
      16
    ]
  },
  "177": {
    "branch": [
      26,
      30,
      7,
      27,
      18
    ],
    "gen": [
      4
    ]
  },
  "12": {
    "branch": [
      16,
      30
    ],
    "gen": [
      7,
      80,
      2
    ]
  },
  "75": {
    "branch": [
      9,
      15,
      16
    ],
    "gen": [
      79,
      80
    ]
  },
  "23": {
    "branch": [
      14
    ],
    "gen": [
      15,
      73,
      10,
      76
    ]
  },
  "111": {
    "branch": [
      21,
      33,
      5,
      22
    ],
    "gen": [
      19
    ]
  },
  "41": {
    "branch": [
      20,
      37,
      35
    ],
    "gen": [
      4
    ]
  },
  "68": {
    "branch": [
      35,
      3
    ],
    "gen": [
      3,
      4,
      73,
      20
    ]
  },
  "82": {
    "branch": [
      9,
      10
    ],
    "gen": [
      6,
      11,
      2,
      73
    ]
  },
  "130": {
    "branch": [
      36
    ],
    "gen": [
      6,
      80,
      74,
      16
    ]
  },
  "125": {
    "branch": [
      31
    ],
    "gen": [
      16,
      2,
      10
    ]
  },
  "77": {
    "branch": [
      39,
      16,
      3,
      31
    ],
    "gen": []
  },
  "172": {
    "branch": [
      33,
      9,
      23
    ],
    "gen": [
      19
    ]
  },
  "71": {
    "branch": [
      22,
      28,
      5
    ],
    "gen": [
      6,
      3,
      15
    ]
  },
  "66": {
    "branch": [
      31,
      13,
      9,
      33
    ],
    "gen": [
      21
    ]
  },
  "103": {
    "branch": [
      25,
      10
    ],
    "gen": [
      73,
      10,
      16
    ]
  },
  "59": {
    "branch": [
      25,
      37
    ],
    "gen": [
      1,
      19,
      4
    ]
  },
  "26": {
    "branch": [
      23,
      28
    ],
    "gen": [
      17,
      20,
      80
    ]
  },
  "127": {
    "branch": [
      37,
      27,
      14
    ],
    "gen": [
      7
    ]
  },
  "116": {
    "branch": [
      23,
      18
    ],
    "gen": [
      18,
      21,
      74
    ]
  },
  "100": {
    "branch": [
      29,
      39,
      22
    ],
    "gen": [
      23,
      4,
      7
    ]
  },
  "79": {
    "branch": [
      9,
      23,
      36,
      40
    ],
    "gen": [
      4,
      6
    ]
  },
  "195": {
    "branch": [
      15,
      8,
      34,
      16
    ],
    "gen": [
      22
    ]
  },
  "141": {
    "branch": [
      17,
      28,
      21,
      1,
      6
    ],
    "gen": [
      17
    ]
  },
  "135": {
    "branch": [
      8,
      38,
      15,
      39
    ],
    "gen": [
      74,
      73
    ]
  },
  "138": {
    "branch": [
      20
    ],
    "gen": [
      77,
      17,
      79
    ]
  },
  "107": {
    "branch": [
      22,
      5,
      39
    ],
    "gen": [
      6,
      23
    ]
  },
  "46": {
    "branch": [
      22,
      34,
      15
    ],
    "gen": [
      3
    ]
  },
  "57": {
    "branch": [
      37,
      38
    ],
    "gen": [
      15,
      2,
      19,
      75
    ]
  },
  "152": {
    "branch": [
      19,
      26
    ],
    "gen": [
      17,
      16,
      79
    ]
  },
  "170": {
    "branch": [
      30,
      39
    ],
    "gen": [
      75,
      79
    ]
  },
  "129": {
    "branch": [
      20,
      22
    ],
    "gen": [
      11,
      17
    ]
  },
  "78": {
    "branch": [
      31,
      36
    ],
    "gen": [
      74,
      5,
      73
    ]
  },
  "133": {
    "branch": [
      17
    ],
    "gen": [
      76,
      16,
      17
    ]
  },
  "72": {
    "branch": [
      20,
      34
    ],
    "gen": [
      22,
      74
    ]
  },
  "184": {
    "branch": [
      23
    ],
    "gen": [
      5,
      11,
      17
    ]
  },
  "1": {
    "branch": [
      20,
      26
    ],
    "gen": [
      3
    ]
  },
  "137": {
    "branch": [
      33,
      30
    ],
    "gen": [
      5,
      15,
      76
    ]
  },
  "22": {
    "branch": [
      6,
      5,
      28
    ],
    "gen": [
      17,
      23
    ]
  },
  "154": {
    "branch": [
      2,
      31,
      29,
      9
    ],
    "gen": [
      77
    ]
  },
  "33": {
    "branch": [
      37,
      32,
      9
    ],
    "gen": [
      79,
      1
    ]
  },
  "40": {
    "branch": [],
    "gen": [
      4,
      22,
      77,
      74,
      15,
      16
    ]
  },
  "113": {
    "branch": [
      30,
      31,
      34
    ],
    "gen": [
      80,
      74,
      13
    ]
  },
  "165": {
    "branch": [
      19,
      18
    ],
    "gen": [
      5,
      74
    ]
  },
  "142": {
    "branch": [
      36,
      38,
      39,
      29,
      33
    ],
    "gen": [
      73
    ]
  },
  "5": {
    "branch": [
      17,
      26,
      25,
      39
    ],
    "gen": [
      3,
      5
    ]
  },
  "55": {
    "branch": [
      3,
      37
    ],
    "gen": [
      8,
      80,
      74
    ]
  },
  "114": {
    "branch": [
      10,
      4,
      34
    ],
    "gen": [
      3,
      5
    ]
  },
  "136": {
    "branch": [
      1,
      35,
      30
    ],
    "gen": [
      20
    ]
  },
  "117": {
    "branch": [
      19,
      30
    ],
    "gen": [
      4,
      12
    ]
  },
  "45": {
    "branch": [
      25,
      7
    ],
    "gen": [
      14,
      19,
      4,
      16
    ]
  },
  "145": {
    "branch": [
      20,
      14
    ],
    "gen": [
      14,
      4,
      76
    ]
  },
  "158": {
    "branch": [
      8,
      3,
      4
    ],
    "gen": [
      75,
      77,
      7
    ]
  },
  "176": {
    "branch": [
      20,
      1,
      27,
      3
    ],
    "gen": [
      12,
      5
    ]
  },
  "28": {
    "branch": [
      9,
      2,
      32,
      37
    ],
    "gen": [
      75,
      74
    ]
  },
  "148": {
    "branch": [
      10,
      26
    ],
    "gen": [
      18,
      75,
      16
    ]
  },
  "92": {
    "branch": [
      7,
      35
    ],
    "gen": [
      10,
      8,
      19
    ]
  },
  "36": {
    "branch": [
      3,
      9,
      31
    ],
    "gen": [
      15,
      75,
      76
    ]
  },
  "118": {
    "branch": [
      34
    ],
    "gen": [
      19,
      13,
      74
    ]
  },
  "162": {
    "branch": [
      20,
      33
    ],
    "gen": [
      73,
      8,
      3,
      80
    ]
  },
  "84": {
    "branch": [
      40
    ],
    "gen": [
      80,
      17,
      20,
      19
    ]
  },
  "7": {
    "branch": [
      6,
      13
    ],
    "gen": [
      14,
      7,
      11,
      13
    ]
  },
  "25": {
    "branch": [
      26
    ],
    "gen": [
      77,
      21,
      12
    ]
  },
  "95": {
    "branch": [
      6,
      7,
      29
    ],
    "gen": [
      22
    ]
  },
  "93": {
    "branch": [
      3,
      40
    ],
    "gen": [
      14,
      7,
      8
    ]
  },
  "18": {
    "branch": [
      9,
      17,
      29,
      10
    ],
    "gen": [
      77
    ]
  },
  "147": {
    "branch": [
      21,
      36,
      7,
      37,
      23
    ],
    "gen": [
      1
    ]
  },
  "157": {
    "branch": [
      35,
      2,
      25
    ],
    "gen": [
      11,
      2
    ]
  },
  "16": {
    "branch": [
      23,
      13,
      6,
      33
    ],
    "gen": []
  },
  "19": {
    "branch": [
      27,
      19,
      2,
      10,
      15
    ],
    "gen": [
      23
    ]
  },
  "44": {
    "branch": [
      20,
      10,
      7,
      1
    ],
    "gen": []
  },
  "31": {
    "branch": [],
    "gen": [
      11,
      13,
      17,
      16,
      14
    ]
  },
  "146": {
    "branch": [
      14,
      4,
      3,
      1
    ],
    "gen": [
      74,
      13
    ]
  },
  "74": {
    "branch": [
      35,
      15
    ],
    "gen": [
      8,
      5,
      11
    ]
  },
  "61": {
    "branch": [
      7,
      34
    ],
    "gen": [
      4,
      14,
      10
    ]
  },
  "29": {
    "branch": [
      26,
      15
    ],
    "gen": [
      20,
      8,
      5
    ]
  },
  "159": {
    "branch": [
      15,
      20,
      40,
      36,
      37
    ],
    "gen": []
  },
  "193": {
    "branch": [
      5,
      18,
      9
    ],
    "gen": [
      12
    ]
  },
  "101": {
    "branch": [
      16,
      17
    ],
    "gen": [
      73,
      14
    ]
  },
  "105": {
    "branch": [
      25,
      28
    ],
    "gen": [
      3,
      80
    ]
  },
  "17": {
    "branch": [
      39,
      10
    ],
    "gen": [
      10,
      2,
      1
    ]
  },
  "166": {
    "branch": [
      28
    ],
    "gen": [
      6,
      19,
      73
    ]
  },
  "89": {
    "branch": [
      30,
      6
    ],
    "gen": [
      78,
      80,
      4
    ]
  },
  "198": {
    "branch": [
      27,
      7,
      14,
      31
    ],
    "gen": [
      79,
      75
    ]
  },
  "80": {
    "branch": [
      29,
      33
    ],
    "gen": [
      10,
      74,
      14,
      77
    ]
  },
  "51": {
    "branch": [
      27,
      39
    ],
    "gen": [
      78,
      15,
      80,
      23
    ]
  },
  "143": {
    "branch": [
      31,
      22,
      3
    ],
    "gen": [
      4,
      78
    ]
  },
  "48": {
    "branch": [
      32,
      13
    ],
    "gen": [
      21,
      1
    ]
  },
  "15": {
    "branch": [
      7,
      15,
      19,
      33
    ],
    "gen": [
      15,
      5
    ]
  },
  "97": {
    "branch": [
      30,
      22
    ],
    "gen": [
      4,
      2,
      19
    ]
  },
  "134": {
    "branch": [
      35
    ],
    "gen": [
      19,
      74,
      13
    ]
  },
  "110": {
    "branch": [
      17,
      39,
      8
    ],
    "gen": [
      1,
      3
    ]
  },
  "30": {
    "branch": [
      32,
      33,
      9
    ],
    "gen": [
      4,
      5
    ]
  },
  "6": {
    "branch": [
      13,
      39,
      20,
      21
    ],
    "gen": [
      74
    ]
  },
  "182": {
    "branch": [
      34,
      29,
      30
    ],
    "gen": [
      15
    ]
  },
  "164": {
    "branch": [
      4,
      37,
      17
    ],
    "gen": [
      18,
      2
    ]
  },
  "153": {
    "branch": [
      1
    ],
    "gen": [
      3,
      15,
      20,
      21
    ]
  },
  "186": {
    "branch": [
      27,
      31,
      19,
      15
    ],
    "gen": [
      21
    ]
  },
  "64": {
    "branch": [
      1,
      37
    ],
    "gen": [
      2,
      15,
      80,
      3
    ]
  },
  "90": {
    "branch": [
      3,
      26
    ],
    "gen": [
      7,
      14,
      16
    ]
  },
  "139": {
    "branch": [
      39,
      23,
      20
    ],
    "gen": [
      17
    ]
  },
  "4": {
    "branch": [
      14,
      18
    ],
    "gen": [
      73,
      10,
      4
    ]
  },
  "13": {
    "branch": [
      6,
      20
    ],
    "gen": [
      23,
      3,
      11,
      21
    ]
  },
  "104": {
    "branch": [
      28,
      8,
      15
    ],
    "gen": [
      5,
      18
    ]
  },
  "52": {
    "branch": [
      10,
      18,
      38,
      14
    ],
    "gen": [
      19,
      12
    ]
  },
  "179": {
    "branch": [
      5,
      13,
      1
    ],
    "gen": [
      77,
      4
    ]
  },
  "43": {
    "branch": [
      13,
      3
    ],
    "gen": [
      21,
      18
    ]
  },
  "11": {
    "branch": [
      14,
      38,
      3,
      35
    ],
    "gen": []
  },
  "69": {
    "branch": [
      28,
      8,
      15,
      27
    ],
    "gen": [
      23
    ]
  },
  "171": {
    "branch": [
      37,
      2
    ],
    "gen": [
      75,
      80,
      4
    ]
  },
  "85": {
    "branch": [
      21,
      17,
      36
    ],
    "gen": [
      79,
      20,
      7
    ]
  },
  "119": {
    "branch": [
      22,
      16
    ],
    "gen": [
      15,
      11,
      73
    ]
  },
  "39": {
    "branch": [
      14
    ],
    "gen": [
      5,
      20,
      73,
      75
    ]
  },
  "126": {
    "branch": [
      31,
      5,
      21
    ],
    "gen": [
      1,
      80
    ]
  },
  "108": {
    "branch": [
      2,
      17,
      35
    ],
    "gen": [
      17,
      76
    ]
  },
  "156": {
    "branch": [
      31,
      29
    ],
    "gen": [
      20
    ]
  },
  "2": {
    "branch": [],
    "gen": [
      22,
      77,
      8,
      15
    ]
  },
  "10": {
    "branch": [
      14,
      25
    ],
    "gen": [
      20,
      2,
      77
    ]
  },
  "27": {
    "branch": [
      31,
      13,
      33
    ],
    "gen": [
      7,
      22
    ]
  },
  "124": {
    "branch": [
      27,
      23
    ],
    "gen": [
      77,
      5
    ]
  },
  "144": {
    "branch": [
      3,
      40
    ],
    "gen": [
      20,
      77
    ]
  },
  "200": {
    "branch": [
      9
    ],
    "gen": [
      23,
      16,
      18,
      80,
      3
    ]
  },
  "20": {
    "branch": [
      17,
      20
    ],
    "gen": [
      17,
      10
    ]
  },
  "81": {
    "branch": [
      1
    ],
    "gen": [
      18,
      79,
      3
    ]
  },
  "187": {
    "branch": [
      20,
      36
    ],
    "gen": [
      73,
      4
    ]
  },
  "9": {
    "branch": [
      5,
      18
    ],
    "gen": [
      22,
      75,
      80,
      1
    ]
  },
  "189": {
    "branch": [
      19,
      17
    ],
    "gen": [
      73,
      19,
      4
    ]
  },
  "109": {
    "branch": [
      4,
      28,
      20,
      22
    ],
    "gen": [
      3,
      22
    ]
  },
  "161": {
    "branch": [
      15,
      34
    ],
    "gen": [
      80,
      1,
      14,
      21
    ]
  },
  "88": {
    "branch": [
      30,
      15,
      16
    ],
    "gen": [
      23,
      4,
      20
    ]
  },
  "120": {
    "branch": [
      4,
      17,
      34
    ],
    "gen": [
      13
    ]
  },
  "24": {
    "branch": [
      17,
      23
    ],
    "gen": [
      16,
      21,
      17,
      6
    ]
  },
  "8": {
    "branch": [
      31,
      4,
      38
    ],
    "gen": [
      74,
      80,
      14
    ]
  },
  "37": {
    "branch": [
      19,
      6,
      32
    ],
    "gen": []
  },
  "83": {
    "branch": [
      1,
      33,
      10
    ],
    "gen": [
      13,
      4
    ]
  },
  "190": {
    "branch": [
      23,
      13
    ],
    "gen": [
      5,
      78
    ]
  },
  "99": {
    "branch": [
      32,
      6
    ],
    "gen": [
      3,
      76
    ]
  },
  "121": {
    "branch": [
      19
    ],
    "gen": [
      17,
      20,
      6,
      21
    ]
  },
  "14": {
    "branch": [
      15,
      21
    ],
    "gen": [
      80,
      76
    ]
  },
  "174": {
    "branch": [
      35,
      18,
      34,
      6
    ],
    "gen": [
      16,
      8
    ]
  },
  "123": {
    "branch": [
      16,
      39
    ],
    "gen": [
      19
    ]
  },
  "32": {
    "branch": [
      17,
      29
    ],
    "gen": [
      19,
      22,
      11,
      78
    ]
  },
  "197": {
    "branch": [
      35,
      20
    ],
    "gen": [
      11,
      23,
      17
    ]
  },
  "196": {
    "branch": [
      37,
      29
    ],
    "gen": [
      77,
      80
    ]
  },
  "151": {
    "branch": [
      1,
      32,
      10,
      30,
      35
    ],
    "gen": [
      79
    ]
  },
  "54": {
    "branch": [
      32,
      33,
      19
    ],
    "gen": [
      20
    ]
  },
  "63": {
    "branch": [
      1,
      23
    ],
    "gen": [
      78,
      23,
      6,
      19
    ]
  },
  "191": {
    "branch": [
      6
    ],
    "gen": [
      10,
      3,
      19
    ]
  },
  "91": {
    "branch": [
      15,
      6,
      35,
      10
    ],
    "gen": [
      73,
      6
    ]
  },
  "62": {
    "branch": [
      33,
      8,
      31
    ],
    "gen": []
  },
  "150": {
    "branch": [
      17,
      38,
      5,
      13
    ],
    "gen": []
  },
  "122": {
    "branch": [
      23,
      27
    ],
    "gen": [
      12,
      19,
      5
    ]
  },
  "58": {
    "branch": [
      22
    ],
    "gen": [
      15,
      20,
      18,
      4
    ]
  },
  "199": {
    "branch": [
      14,
      31,
      15
    ],
    "gen": [
      19,
      5,
      6
    ]
  },
  "173": {
    "branch": [
      7,
      39,
      27,
      9
    ],
    "gen": [
      21,
      17
    ]
  },
  "188": {
    "branch": [
      8,
      17
    ],
    "gen": [
      1,
      17,
      78,
      8
    ]
  },
  "98": {
    "branch": [
      36
    ],
    "gen": [
      12,
      21,
      1,
      79
    ]
  },
  "76": {
    "branch": [
      28
    ],
    "gen": [
      12,
      14,
      7
    ]
  },
  "34": {
    "branch": [
      18,
      8,
      25
    ],
    "gen": [
      76,
      13,
      7
    ]
  },
  "50": {
    "branch": [
      38,
      32,
      5,
      23
    ],
    "gen": []
  },
  "194": {
    "branch": [
      28,
      6,
      21
    ],
    "gen": [
      78
    ]
  },
  "167": {
    "branch": [
      26,
      9,
      36,
      4
    ],
    "gen": [
      22
    ]
  },
  "42": {
    "branch": [
      2,
      34,
      35
    ],
    "gen": [
      78,
      18,
      4
    ]
  },
  "87": {
    "branch": [
      27,
      21,
      22
    ],
    "gen": [
      80
    ]
  },
  "132": {
    "branch": [
      18,
      9,
      32
    ],
    "gen": [
      80,
      14,
      19
    ]
  },
  "140": {
    "branch": [
      29
    ],
    "gen": [
      12,
      74,
      73
    ]
  },
  "169": {
    "branch": [
      30
    ],
    "gen": [
      18,
      23,
      19
    ]
  },
  "180": {
    "branch": [
      25,
      2,
      6
    ],
    "gen": [
      10,
      75
    ]
  },
  "160": {
    "branch": [
      32,
      29,
      16
    ],
    "gen": [
      6,
      5
    ]
  },
  "49": {
    "branch": [
      25,
      14
    ],
    "gen": [
      4,
      1
    ]
  },
  "106": {
    "branch": [
      15,
      13,
      35
    ],
    "gen": [
      80,
      15
    ]
  },
  "94": {
    "branch": [
      22,
      1,
      19,
      27
    ],
    "gen": [
      1
    ]
  },
  "102": {
    "branch": [
      5,
      16
    ],
    "gen": [
      14,
      5,
      16
    ]
  },
  "128": {
    "branch": [
      6,
      19
    ],
    "gen": [
      78,
      11,
      76
    ]
  },
  "70": {
    "branch": [
      2,
      36
    ],
    "gen": [
      19,
      10,
      7,
      13
    ]
  },
  "21": {
    "branch": [
      29
    ],
    "gen": [
      19,
      22,
      11,
      14
    ]
  },
  "38": {
    "branch": [],
    "gen": [
      75,
      74,
      18,
      16,
      79
    ]
  },
  "163": {
    "branch": [
      22,
      30
    ],
    "gen": [
      10,
      79,
      11
    ]
  },
  "131": {
    "branch": [
      21,
      26,
      32
    ],
    "gen": [
      5,
      79
    ]
  },
  "192": {
    "branch": [
      1,
      30,
      8
    ],
    "gen": [
      23,
      4,
      78
    ]
  },
  "53": {
    "branch": [
      31,
      20,
      26
    ],
    "gen": [
      10
    ]
  },
  "47": {
    "branch": [
      32
    ],
    "gen": [
      1,
      20,
      10,
      79
    ]
  },
  "175": {
    "branch": [
      18,
      25
    ],
    "gen": [
      77,
      23,
      12
    ]
  },
  "3": {
    "branch": [
      40,
      21,
      22,
      3
    ],
    "gen": [
      5,
      78
    ]
  },
  "178": {
    "branch": [
      10,
      8,
      22,
      40,
      14
    ],
    "gen": [
      78
    ]
  },
  "96": {
    "branch": [
      15,
      36,
      35
    ],
    "gen": [
      10
    ]
  },
  "149": {
    "branch": [
      8
    ],
    "gen": [
      16,
      18,
      4
    ]
  },
  "155": {
    "branch": [
      15,
      19,
      29
    ],
    "gen": [
      8
    ]
  },
  "181": {
    "branch": [
      34,
      17,
      35,
      39
    ],
    "gen": [
      20
    ]
  },
  "65": {
    "branch": [
      13
    ],
    "gen": [
      78,
      10,
      18
    ]
  }
}
