{
  "56": {
    "branch": [
      51,
      59
    ],
    "gen": [
      82,
      46
    ]
  },
  "35": {
    "branch": [
      69,
      64,
      50
    ],
    "gen": [
      46,
      32,
      37
    ]
  },
  "60": {
    "branch": [
      69,
      47
    ],
    "gen": [
      9,
      89
    ]
  },
  "67": {
    "branch": [
      46,
      45,
      42
    ],
    "gen": [
      44,
      40,
      90
    ]
  },
  "73": {
    "branch": [
      49
    ],
    "gen": [
      9,
      45,
      85
    ]
  },
  "115": {
    "branch": [
      56,
      75
    ],
    "gen": [
      88,
      28
    ]
  },
  "112": {
    "branch": [
      66,
      46,
      65,
      63
    ],
    "gen": []
  },
  "185": {
    "branch": [
      51,
      60,
      42
    ],
    "gen": [
      46
    ]
  },
  "86": {
    "branch": [
      53,
      73
    ],
    "gen": [
      38,
      39,
      91,
      88
    ]
  },
  "168": {
    "branch": [
      76,
      75,
      42
    ],
    "gen": [
      30,
      46
    ]
  },
  "183": {
    "branch": [
      61
    ],
    "gen": [
      24,
      34,
      90,
      28
    ]
  },
  "177": {
    "branch": [
      47,
      78,
      72,
      46
    ],
    "gen": [
      44
    ]
  },
  "12": {
    "branch": [
      72,
      49
    ],
    "gen": [
      39,
      46
    ]
  },
  "75": {
    "branch": [
      54,
      67
    ],
    "gen": [
      88,
      31
    ]
  },
  "23": {
    "branch": [
      62,
      78,
      72
    ],
    "gen": [
      36,
      33,
      34
    ]
  },
  "111": {
    "branch": [
      47,
      78,
      60,
      62,
      63
    ],
    "gen": []
  },
  "41": {
    "branch": [
      70,
      54
    ],
    "gen": [
      84,
      25
    ]
  },
  "68": {
    "branch": [
      74
    ],
    "gen": [
      31,
      33,
      24,
      25
    ]
  },
  "82": {
    "branch": [
      65
    ],
    "gen": [
      89,
      38,
      83
    ]
  },
  "130": {
    "branch": [
      75,
      77,
      54
    ],
    "gen": [
      39,
      83,
      45
    ]
  },
  "125": {
    "branch": [
      53,
      59,
      74
    ],
    "gen": [
      9,
      86
    ]
  },
  "77": {
    "branch": [
      71,
      54,
      45
    ],
    "gen": [
      84,
      34
    ]
  },
  "172": {
    "branch": [],
    "gen": [
      43,
      24,
      34,
      42,
      91
    ]
  },
  "71": {
    "branch": [
      78,
      74,
      64
    ],
    "gen": [
      42,
      85
    ]
  },
  "66": {
    "branch": [
      72,
      48,
      51
    ],
    "gen": [
      24,
      46,
      29
    ]
  },
  "103": {
    "branch": [
      66,
      54,
      45
    ],
    "gen": [
      88,
      29
    ]
  },
  "59": {
    "branch": [
      42,
      54,
      77
    ],
    "gen": [
      88
    ]
  },
  "26": {
    "branch": [
      68,
      66
    ],
    "gen": [
      30,
      88
    ]
  },
  "127": {
    "branch": [
      56,
      48,
      44
    ],
    "gen": [
      85,
      37
    ]
  },
  "116": {
    "branch": [
      66,
      61,
      73,
      46
    ],
    "gen": [
      41
    ]
  },
  "100": {
    "branch": [
      64
    ],
    "gen": [
      89,
      81,
      34,
      37
    ]
  },
  "79": {
    "branch": [
      64,
      68,
      73
    ],
    "gen": [
      91,
      26,
      34
    ]
  },
  "195": {
    "branch": [
      58,
      60
    ],
    "gen": [
      25,
      34
    ]
  },
  "141": {
    "branch": [
      55,
      45
    ],
    "gen": [
      34,
      88
    ]
  },
  "135": {
    "branch": [
      51,
      68,
      50,
      12
    ],
    "gen": []
  },
  "138": {
    "branch": [
      45,
      61,
      63,
      50,
      42
    ],
    "gen": [
      37
    ]
  },
  "107": {
    "branch": [
      57
    ],
    "gen": [
      43,
      27,
      46
    ]
  },
  "46": {
    "branch": [
      51,
      53,
      49,
      58
    ],
    "gen": [
      87
    ]
  },
  "57": {
    "branch": [
      60,
      66,
      69
    ],
    "gen": [
      28,
      35
    ]
  },
  "152": {
    "branch": [
      65
    ],
    "gen": [
      43,
      90,
      81
    ]
  },
  "170": {
    "branch": [
      49,
      79,
      12
    ],
    "gen": [
      39
    ]
  },
  "129": {
    "branch": [
      65,
      61,
      52
    ],
    "gen": [
      88
    ]
  },
  "78": {
    "branch": [
      45,
      12,
      75
    ],
    "gen": [
      36
    ]
  },
  "133": {
    "branch": [
      57
    ],
    "gen": [
      42,
      38,
      32
    ]
  },
  "72": {
    "branch": [
      72,
      79
    ],
    "gen": [
      42,
      40
    ]
  },
  "184": {
    "branch": [
      54,
      46,
      67
    ],
    "gen": [
      25,
      90,
      35
    ]
  },
  "1": {
    "branch": [
      74
    ],
    "gen": [
      83,
      84,
      88
    ]
  },
  "137": {
    "branch": [
      55
    ],
    "gen": [
      9,
      90,
      43
    ]
  },
  "22": {
    "branch": [
      55,
      43,
      49,
      64
    ],
    "gen": [
      37,
      88
    ]
  },
  "154": {
    "branch": [
      47,
      57
    ],
    "gen": [
      29,
      81,
      82
    ]
  },
  "33": {
    "branch": [
      72,
      62,
      61
    ],
    "gen": [
      42,
      24
    ]
  },
  "40": {
    "branch": [
      63,
      52
    ],
    "gen": [
      81,
      40
    ]
  },
  "113": {
    "branch": [
      42,
      49
    ],
    "gen": [
      28,
      45,
      82
    ]
  },
  "165": {
    "branch": [
      50,
      77,
      64,
      66,
      76
    ],
    "gen": [
      83
    ]
  },
  "142": {
    "branch": [
      56,
      59
    ],
    "gen": [
      45,
      46,
      26,
      36
    ]
  },
  "5": {
    "branch": [
      64
    ],
    "gen": [
      86,
      26,
      85
    ]
  },
  "55": {
    "branch": [
      47,
      68,
      54,
      75
    ],
    "gen": [
      37,
      43
    ]
  },
  "114": {
    "branch": [
      57,
      60,
      66,
      49
    ],
    "gen": [
      27
    ]
  },
  "136": {
    "branch": [
      49,
      60,
      12
    ],
    "gen": [
      40
    ]
  },
  "117": {
    "branch": [
      12
    ],
    "gen": [
      45,
      9,
      42
    ]
  },
  "45": {
    "branch": [
      67
    ],
    "gen": [
      89,
      44,
      40,
      32
    ]
  },
  "145": {
    "branch": [
      47,
      67
    ],
    "gen": [
      26,
      43
    ]
  },
  "158": {
    "branch": [
      79,
      70,
      63
    ],
    "gen": [
      45,
      85
    ]
  },
  "176": {
    "branch": [
      62
    ],
    "gen": [
      87,
      46,
      91
    ]
  },
  "28": {
    "branch": [
      53
    ],
    "gen": [
      84,
      34,
      87,
      33,
      27
    ]
  },
  "148": {
    "branch": [
      63,
      60,
      55,
      47
    ],
    "gen": [
      38,
      43
    ]
  },
  "92": {
    "branch": [
      64,
      50,
      46,
      77,
      69
    ],
    "gen": [
      28
    ]
  },
  "36": {
    "branch": [
      59,
      63
    ],
    "gen": [
      9,
      86,
      81
    ]
  },
  "118": {
    "branch": [
      76,
      71,
      60,
      68,
      12
    ],
    "gen": []
  },
  "162": {
    "branch": [
      72
    ],
    "gen": [
      40,
      81,
      24
    ]
  },
  "84": {
    "branch": [
      57,
      49
    ],
    "gen": [
      45,
      32,
      82
    ]
  },
  "7": {
    "branch": [
      60,
      78,
      62
    ],
    "gen": [
      87,
      39
    ]
  },
  "25": {
    "branch": [
      56,
      44,
      79
    ],
    "gen": [
      91
    ]
  },
  "95": {
    "branch": [
      48,
      78
    ],
    "gen": [
      42,
      45
    ]
  },
  "93": {
    "branch": [
      78
    ],
    "gen": [
      29,
      32,
      24
    ]
  },
  "18": {
    "branch": [
      62,
      48
    ],
    "gen": [
      82,
      35,
      39,
      41
    ]
  },
  "147": {
    "branch": [],
    "gen": [
      89,
      32,
      85
    ]
  },
  "157": {
    "branch": [
      12,
      53,
      66
    ],
    "gen": [
      86,
      45
    ]
  },
  "16": {
    "branch": [
      66,
      57
    ],
    "gen": [
      86,
      24,
      35
    ]
  },
  "19": {
    "branch": [
      42,
      46,
      49,
      64
    ],
    "gen": [
      38
    ]
  },
  "44": {
    "branch": [
      53,
      55,
      58
    ],
    "gen": [
      83,
      41
    ]
  },
  "31": {
    "branch": [
      48,
      66,
      51
    ],
    "gen": [
      39,
      31,
      86
    ]
  },
  "146": {
    "branch": [
      50,
      46
    ],
    "gen": [
      44,
      86
    ]
  },
  "74": {
    "branch": [
      56,
      69,
      12
    ],
    "gen": [
      40,
      82,
      27
    ]
  },
  "61": {
    "branch": [
      67,
      70
    ],
    "gen": [
      37,
      29,
      28
    ]
  },
  "29": {
    "branch": [
      75,
      53,
      46
    ],
    "gen": [
      37,
      9
    ]
  },
  "159": {
    "branch": [
      73,
      72,
      68,
      46
    ],
    "gen": [
      35,
      90
    ]
  },
  "193": {
    "branch": [
      72,
      51,
      71
    ],
    "gen": [
      42,
      26,
      84
    ]
  },
  "101": {
    "branch": [
      72,
      43
    ],
    "gen": [
      9,
      41
    ]
  },
  "105": {
    "branch": [
      73,
      76,
      46
    ],
    "gen": [
      27,
      87,
      39
    ]
  },
  "17": {
    "branch": [
      70,
      78
    ],
    "gen": [
      38,
      9,
      35
    ]
  },
  "166": {
    "branch": [
      70,
      61,
      68
    ],
    "gen": [
      82,
      34
    ]
  },
  "89": {
    "branch": [],
    "gen": [
      9,
      24,
      37,
      34
    ]
  },
  "198": {
    "branch": [
      59,
      77
    ],
    "gen": [
      43,
      38,
      91
    ]
  },
  "80": {
    "branch": [
      54,
      72,
      69
    ],
    "gen": [
      90,
      9
    ]
  },
  "51": {
    "branch": [
      53
    ],
    "gen": [
      84,
      30,
      88
    ]
  },
  "143": {
    "branch": [
      48,
      64,
      65
    ],
    "gen": [
      82,
      42,
      85
    ]
  },
  "48": {
    "branch": [
      72
    ],
    "gen": [
      87,
      84,
      24
    ]
  },
  "15": {
    "branch": [
      56,
      68,
      70
    ],
    "gen": [
      87,
      83
    ]
  },
  "97": {
    "branch": [
      50,
      76
    ],
    "gen": [
      37,
      27
    ]
  },
  "134": {
    "branch": [
      78
    ],
    "gen": [
      87,
      42,
      35,
      36
    ]
  },
  "110": {
    "branch": [
      57,
      65,
      63,
      53
    ],
    "gen": [
      87,
      88
    ]
  },
  "30": {
    "branch": [
      59,
      51,
      71
    ],
    "gen": [
      30
    ]
  },
  "6": {
    "branch": [
      74,
      46
    ],
    "gen": [
      31,
      46
    ]
  },
  "182": {
    "branch": [
      42,
      61,
      65
    ],
    "gen": [
      25,
      24,
      91
    ]
  },
  "164": {
    "branch": [
      42,
      65
    ],
    "gen": [
      35,
      89,
      26,
      33
    ]
  },
  "153": {
    "branch": [
      76,
      43
    ],
    "gen": [
      85,
      30
    ]
  },
  "186": {
    "branch": [
      76,
      50,
      58
    ],
    "gen": [
      86,
      37
    ]
  },
  "64": {
    "branch": [
      45,
      12,
      49
    ],
    "gen": [
      29,
      28,
      89
    ]
  },
  "90": {
    "branch": [
      43,
      58,
      67
    ],
    "gen": [
      37
    ]
  },
  "139": {
    "branch": [
      53
    ],
    "gen": [
      87,
      30,
      88
    ]
  },
  "4": {
    "branch": [
      77,
      42,
      67
    ],
    "gen": [
      45,
      30,
      39
    ]
  },
  "13": {
    "branch": [
      67
    ],
    "gen": [
      9,
      32,
      25,
      46
    ]
  },
  "104": {
    "branch": [
      12,
      66,
      62
    ],
    "gen": [
      30
    ]
  },
  "52": {
    "branch": [
      69,
      74,
      75
    ],
    "gen": [
      24,
      29
    ]
  },
  "179": {
    "branch": [
      12,
      44
    ],
    "gen": [
      24,
      40
    ]
  },
  "43": {
    "branch": [
      64,
      48
    ],
    "gen": [
      40,
      44
    ]
  },
  "11": {
    "branch": [
      79
    ],
    "gen": [
      30,
      42,
      81
    ]
  },
  "69": {
    "branch": [
      69,
      43,
      79
    ],
    "gen": [
      39,
      32,
      34
    ]
  },
  "171": {
    "branch": [
      59,
      12
    ],
    "gen": [
      35,
      27,
      36,
      31
    ]
  },
  "85": {
    "branch": [
      71
    ],
    "gen": [
      9,
      28,
      44
    ]
  },
  "119": {
    "branch": [
      75,
      49,
      47
    ],
    "gen": [
      40,
      88
    ]
  },
  "39": {
    "branch": [
      65,
      69,
      78
    ],
    "gen": [
      28,
      90,
      34
    ]
  },
  "126": {
    "branch": [
      77,
      53
    ],
    "gen": [
      46,
      81
    ]
  },
  "108": {
    "branch": [
      75,
      45,
      55,
      64
    ],
    "gen": [
      28
    ]
  },
  "156": {
    "branch": [
      57,
      65,
      68
    ],
    "gen": [
      44,
      38,
      33
    ]
  },
  "2": {
    "branch": [
      52,
      67
    ],
    "gen": [
      34,
      46,
      41
    ]
  },
  "10": {
    "branch": [],
    "gen": [
      38,
      46,
      87,
      90
    ]
  },
  "27": {
    "branch": [
      76
    ],
    "gen": [
      33,
      87,
      84
    ]
  },
  "124": {
    "branch": [
      66
    ],
    "gen": [
      88,
      28,
      43
    ]
  },
  "144": {
    "branch": [
      50,
      58
    ],
    "gen": [
      41,
      88,
      83,
      91
    ]
  },
  "200": {
    "branch": [
      62,
      58,
      72
    ],
    "gen": [
      46,
      9,
      85
    ]
  },
  "20": {
    "branch": [
      55,
      46,
      59
    ],
    "gen": [
      44,
      31,
      26
    ]
  },
  "81": {
    "branch": [
      64,
      62
    ],
    "gen": [
      9,
      28,
      89
    ]
  },
  "187": {
    "branch": [
      50,
      49,
      76
    ],
    "gen": [
      32
    ]
  },
  "9": {
    "branch": [
      72,
      61,
      47
    ],
    "gen": [
      32,
      86
    ]
  },
  "189": {
    "branch": [],
    "gen": [
      30,
      33,
      34,
      29
    ]
  },
  "109": {
    "branch": [
      44,
      46
    ],
    "gen": [
      43,
      26
    ]
  },
  "161": {
    "branch": [
      64,
      57,
      73
    ],
    "gen": [
      89,
      88,
      81
    ]
  },
  "88": {
    "branch": [
      45
    ],
    "gen": [
      41,
      9,
      43
    ]
  },
  "120": {
    "branch": [],
    "gen": [
      40,
      32,
      26,
      81
    ]
  },
  "24": {
    "branch": [
      79
    ],
    "gen": [
      24,
      91,
      81,
      45,
      86
    ]
  },
  "8": {
    "branch": [
      42,
      43
    ],
    "gen": [
      85,
      89
    ]
  },
  "37": {
    "branch": [
      45,
      56,
      64
    ],
    "gen": [
      28
    ]
  },
  "83": {
    "branch": [
      47,
      54,
      53
    ],
    "gen": [
      24
    ]
  },
  "190": {
    "branch": [
      79,
      49,
      74
    ],
    "gen": [
      32
    ]
  },
  "99": {
    "branch": [
      68,
      63,
      74,
      46,
      54,
      12
    ],
    "gen": []
  },
  "121": {
    "branch": [
      61,
      69,
      54
    ],
    "gen": [
      83,
      25,
      32
    ]
  },
  "14": {
    "branch": [
      43,
      77,
      70
    ],
    "gen": [
      33
    ]
  },
  "174": {
    "branch": [
      52,
      61
    ],
    "gen": [
      38,
      28
    ]
  },
  "123": {
    "branch": [
      66,
      54,
      46
    ],
    "gen": [
      32,
      84,
      86
    ]
  },
  "32": {
    "branch": [
      73,
      77,
      76,
      65
    ],
    "gen": []
  },
  "197": {
    "branch": [
      50,
      63
    ],
    "gen": [
      44,
      26
    ]
  },
  "196": {
    "branch": [
      62,
      79
    ],
    "gen": [
      83,
      35,
      24,
      46
    ]
  },
  "151": {
    "branch": [
      51,
      42,
      71
    ],
    "gen": [
      37,
      44,
      30
    ]
  },
  "54": {
    "branch": [
      78,
      71,
      73,
      69
    ],
    "gen": [
      46,
      38
    ]
  },
  "63": {
    "branch": [
      50,
      57,
      69
    ],
    "gen": [
      46,
      90,
      41
    ]
  },
  "191": {
    "branch": [
      78,
      56,
      53
    ],
    "gen": [
      40,
      88,
      37
    ]
  },
  "91": {
    "branch": [
      43,
      61,
      58
    ],
    "gen": [
      34,
      84
    ]
  },
  "62": {
    "branch": [
      52
    ],
    "gen": [
      9,
      26,
      89
    ]
  },
  "150": {
    "branch": [
      58,
      12,
      69
    ],
    "gen": [
      37,
      9
    ]
  },
  "122": {
    "branch": [],
    "gen": [
      82,
      26,
      90,
      36,
      86
    ]
  },
  "58": {
    "branch": [
      12,
      57,
      50
    ],
    "gen": [
      87,
      91
    ]
  },
  "199": {
    "branch": [
      46,
      71,
      78
    ],
    "gen": [
      31
    ]
  },
  "173": {
    "branch": [
      69,
      42,
      53,
      59
    ],
    "gen": [
      28
    ]
  },
  "188": {
    "branch": [
      53,
      74,
      45
    ],
    "gen": [
      89,
      86
    ]
  },
  "98": {
    "branch": [
      71,
      68,
      51
    ],
    "gen": [
      82,
      39,
      28
    ]
  },
  "76": {
    "branch": [
      65,
      78,
      67
    ],
    "gen": [
      84,
      91
    ]
  },
  "34": {
    "branch": [
      72,
      73,
      65
    ],
    "gen": [
      88
    ]
  },
  "50": {
    "branch": [
      53,
      76,
      48
    ],
    "gen": [
      81
    ]
  },
  "194": {
    "branch": [
      45
    ],
    "gen": [
      88,
      42,
      40
    ]
  },
  "167": {
    "branch": [
      65,
      77,
      79,
      42,
      60
    ],
    "gen": [
      90
    ]
  },
  "42": {
    "branch": [
      54
    ],
    "gen": [
      26,
      40,
      91,
      87
    ]
  },
  "87": {
    "branch": [
      44,
      48,
      60
    ],
    "gen": [
      27,
      37,
      88
    ]
  },
  "132": {
    "branch": [
      54,
      72,
      12
    ],
    "gen": [
      84,
      38,
      30
    ]
  },
  "140": {
    "branch": [
      65,
      79,
      73
    ],
    "gen": [
      26
    ]
  },
  "169": {
    "branch": [
      71
    ],
    "gen": [
      40,
      88,
      34,
      89
    ]
  },
  "180": {
    "branch": [
      70,
      53,
      69
    ],
    "gen": [
      28
    ]
  },
  "160": {
    "branch": [
      51,
      48,
      69,
      76
    ],
    "gen": [
      30
    ]
  },
  "49": {
    "branch": [
      74,
      52
    ],
    "gen": [
      29,
      24
    ]
  },
  "106": {
    "branch": [
      45,
      73,
      72
    ],
    "gen": [
      40,
      35,
      39
    ]
  },
  "94": {
    "branch": [
      48,
      63,
      67
    ],
    "gen": [
      33
    ]
  },
  "102": {
    "branch": [
      61,
      52,
      54
    ],
    "gen": [
      90,
      43
    ]
  },
  "128": {
    "branch": [
      77,
      55
    ],
    "gen": [
      89,
      82
    ]
  },
  "70": {
    "branch": [
      70,
      54,
      49,
      69
    ],
    "gen": [
      31
    ]
  },
  "21": {
    "branch": [
      63
    ],
    "gen": [
      43,
      84,
      44,
      34,
      41
    ]
  },
  "38": {
    "branch": [
      53,
      79,
      62
    ],
    "gen": [
      28,
      82
    ]
  },
  "163": {
    "branch": [
      69,
      74,
      64,
      51
    ],
    "gen": [
      42,
      33
    ]
  },
  "131": {
    "branch": [
      58,
      60,
      71,
      57,
      63,
      65
    ],
    "gen": []
  },
  "192": {
    "branch": [
      74,
      71
    ],
    "gen": [
      40,
      26,
      46,
      91
    ]
  },
  "53": {
    "branch": [
      50,
      61,
      64,
      74
    ],
    "gen": [
      87,
      38
    ]
  },
  "47": {
    "branch": [
      42,
      67
    ],
    "gen": [
      26,
      41,
      29,
      39
    ]
  },
  "175": {
    "branch": [
      45
    ],
    "gen": [
      82
    ]
  },
  "3": {
    "branch": [],
    "gen": [
      34,
      31,
      87,
      32
    ]
  },
  "178": {
    "branch": [],
    "gen": [
      29,
      9,
      37,
      45
    ]
  },
  "96": {
    "branch": [
      56,
      49,
      52,
      58
    ],
    "gen": [
      46,
      89
    ]
  },
  "149": {
    "branch": [
      53,
      12
    ],
    "gen": [
      90,
      83,
      44
    ]
  },
  "155": {
    "branch": [
      54,
      64,
      63
    ],
    "gen": [
      46,
      34
    ]
  },
  "181": {
    "branch": [
      60,
      58,
      69
    ],
    "gen": [
      29,
      86
    ]
  },
  "65": {
    "branch": [
      75,
      71
    ],
    "gen": [
      87,
      25,
      91
    ]
  }
}
