{
  "56": {
    "branch": [
      88,
      110,
      120
    ],
    "gen": [
      61
    ]
  },
  "35": {
    "branch": [
      113
    ],
    "gen": [
      66,
      57,
      71
    ]
  },
  "60": {
    "branch": [
      89
    ],
    "gen": [
      66,
      50,
      64
    ]
  },
  "67": {
    "branch": [
      112,
      84,
      116
    ],
    "gen": [
      71
    ]
  },
  "73": {
    "branch": [
      89,
      111,
      95
    ],
    "gen": [
      56
    ]
  },
  "115": {
    "branch": [
      102,
      100
    ],
    "gen": [
      72,
      66,
      54
    ]
  },
  "112": {
    "branch": [
      117,
      100,
      99,
      90
    ],
    "gen": [
      95,
      49
    ]
  },
  "185": {
    "branch": [
      99,
      111
    ],
    "gen": [
      95,
      94
    ]
  },
  "86": {
    "branch": [
      92,
      115,
      97
    ],
    "gen": [
      59,
      54,
      67
    ]
  },
  "168": {
    "branch": [
      85,
      111,
      93
    ],
    "gen": [
      50,
      95
    ]
  },
  "183": {
    "branch": [
      87,
      109
    ],
    "gen": [
      72,
      53,
      47
    ]
  },
  "177": {
    "branch": [
      108,
      92,
      106
    ],
    "gen": [
      94,
      52,
      65
    ]
  },
  "12": {
    "branch": [
      89,
      120,
      93
    ],
    "gen": [
      50,
      53,
      47
    ]
  },
  "75": {
    "branch": [
      95
    ],
    "gen": [
      67,
      65
    ]
  },
  "23": {
    "branch": [
      96
    ],
    "gen": [
      67,
      59,
      51
    ]
  },
  "111": {
    "branch": [
      111,
      110
    ],
    "gen": [
      95,
      68,
      59
    ]
  },
  "41": {
    "branch": [
      101,
      116,
      85,
      107
    ],
    "gen": []
  },
  "68": {
    "branch": [
      88
    ],
    "gen": [
      47,
      66,
      50
    ]
  },
  "82": {
    "branch": [
      102,
      83,
      81
    ],
    "gen": [
      70
    ]
  },
  "130": {
    "branch": [
      87,
      91
    ],
    "gen": [
      96,
      51,
      69,
      63
    ]
  },
  "125": {
    "branch": [],
    "gen": [
      47,
      55,
      50,
      66
    ]
  },
  "77": {
    "branch": [
      96,
      86
    ],
    "gen": [
      53,
      63
    ]
  },
  "172": {
    "branch": [
      81,
      87
    ],
    "gen": [
      65,
      47,
      72
    ]
  },
  "71": {
    "branch": [
      109,
      100,
      110,
      84
    ],
    "gen": []
  },
  "66": {
    "branch": [
      110,
      86,
      85,
      89
    ],
    "gen": [
      49,
      72
    ]
  },
  "103": {
    "branch": [
      107,
      117
    ],
    "gen": [
      52,
      58
    ]
  },
  "59": {
    "branch": [
      89,
      100
    ],
    "gen": [
      71
    ]
  },
  "26": {
    "branch": [
      100,
      101
    ],
    "gen": [
      54,
      72,
      65,
      49
    ]
  },
  "127": {
    "branch": [],
    "gen": [
      63,
      58,
      95,
      49
    ]
  },
  "116": {
    "branch": [
      88,
      92
    ],
    "gen": [
      93,
      54,
      47
    ]
  },
  "100": {
    "branch": [
      85,
      93
    ],
    "gen": [
      96,
      65
    ]
  },
  "79": {
    "branch": [
      100,
      113,
      99,
      88
    ],
    "gen": [
      58,
      54
    ]
  },
  "195": {
    "branch": [
      115,
      94
    ],
    "gen": [
      72,
      63,
      62,
      48
    ]
  },
  "141": {
    "branch": [
      120,
      98
    ],
    "gen": [
      92,
      47
    ]
  },
  "135": {
    "branch": [
      96
    ],
    "gen": [
      65,
      62,
      69,
      70
    ]
  },
  "138": {
    "branch": [
      116,
      93
    ],
    "gen": [
      92,
      59
    ]
  },
  "107": {
    "branch": [
      114,
      92,
      112
    ],
    "gen": [
      64
    ]
  },
  "46": {
    "branch": [
      81,
      90,
      88,
      109,
      87,
      100
    ],
    "gen": []
  },
  "57": {
    "branch": [
      93,
      106,
      108,
      102
    ],
    "gen": [
      96
    ]
  },
  "152": {
    "branch": [
      83,
      113,
      85,
      105
    ],
    "gen": []
  },
  "170": {
    "branch": [
      114,
      99
    ],
    "gen": [
      72
    ]
  },
  "129": {
    "branch": [],
    "gen": [
      66,
      64,
      56,
      92,
      57
    ]
  },
  "78": {
    "branch": [
      106,
      96,
      98,
      90
    ],
    "gen": [
      56,
      67
    ]
  },
  "133": {
    "branch": [
      87
    ],
    "gen": [
      64,
      71,
      51
    ]
  },
  "72": {
    "branch": [
      105
    ],
    "gen": [
      62,
      63,
      50
    ]
  },
  "184": {
    "branch": [
      91,
      114,
      106
    ],
    "gen": [
      57,
      66
    ]
  },
  "1": {
    "branch": [
      111,
      96,
      106
    ],
    "gen": [
      49
    ]
  },
  "137": {
    "branch": [
      113,
      82,
      85
    ],
    "gen": [
      63,
      67
    ]
  },
  "22": {
    "branch": [
      89,
      99
    ],
    "gen": [
      94,
      70
    ]
  },
  "154": {
    "branch": [
      97,
      80
    ],
    "gen": [
      72,
      52,
      64
    ]
  },
  "33": {
    "branch": [
      120,
      80,
      99
    ],
    "gen": [
      59,
      70
    ]
  },
  "40": {
    "branch": [
      84,
      89,
      96
    ],
    "gen": [
      48,
      64,
      52
    ]
  },
  "113": {
    "branch": [
      111,
      99,
      120
    ],
    "gen": [
      64,
      65
    ]
  },
  "165": {
    "branch": [
      102,
      92
    ],
    "gen": [
      55,
      57
    ]
  },
  "142": {
    "branch": [
      117,
      106,
      83,
      95
    ],
    "gen": [
      95,
      72
    ]
  },
  "5": {
    "branch": [
      97,
      120
    ],
    "gen": [
      54,
      56,
      52
    ]
  },
  "55": {
    "branch": [
      98
    ],
    "gen": [
      93,
      48,
      67
    ]
  },
  "114": {
    "branch": [
      116,
      98
    ],
    "gen": [
      68,
      67
    ]
  },
  "136": {
    "branch": [
      88,
      86
    ],
    "gen": [
      47,
      53,
      57
    ]
  },
  "117": {
    "branch": [
      85
    ],
    "gen": [
      54,
      52,
      63,
      49,
      53
    ]
  },
  "45": {
    "branch": [
      96,
      106,
      110,
      85
    ],
    "gen": [
      94
    ]
  },
  "145": {
    "branch": [
      105
    ],
    "gen": [
      62,
      54,
      58,
      96
    ]
  },
  "158": {
    "branch": [
      116,
      87,
      92,
      89
    ],
    "gen": [
      60
    ]
  },
  "176": {
    "branch": [
      95
    ],
    "gen": [
      60,
      49,
      65,
      72
    ]
  },
  "28": {
    "branch": [
      82,
      100,
      99
    ],
    "gen": [
      57
    ]
  },
  "148": {
    "branch": [],
    "gen": [
      92,
      93,
      94,
      57
    ]
  },
  "92": {
    "branch": [
      105,
      106,
      120,
      114
    ],
    "gen": [
      50,
      53
    ]
  },
  "36": {
    "branch": [
      80,
      101,
      97
    ],
    "gen": [
      60,
      94
    ]
  },
  "118": {
    "branch": [
      95,
      94
    ],
    "gen": [
      50,
      47
    ]
  },
  "162": {
    "branch": [
      111,
      110
    ],
    "gen": [
      55,
      62,
      54
    ]
  },
  "84": {
    "branch": [
      106,
      95
    ],
    "gen": [
      67,
      58,
      49,
      59
    ]
  },
  "7": {
    "branch": [
      85,
      84,
      96,
      104
    ],
    "gen": [
      58,
      55
    ]
  },
  "25": {
    "branch": [
      102
    ],
    "gen": [
      71,
      66,
      58,
      54
    ]
  },
  "95": {
    "branch": [
      120,
      103
    ],
    "gen": [
      55,
      96
    ]
  },
  "93": {
    "branch": [
      109
    ],
    "gen": [
      47,
      66,
      67,
      96
    ]
  },
  "18": {
    "branch": [
      120,
      83
    ],
    "gen": [
      59,
      57
    ]
  },
  "147": {
    "branch": [
      104,
      107
    ],
    "gen": [
      71,
      52
    ]
  },
  "157": {
    "branch": [
      87,
      104
    ],
    "gen": [
      52,
      63,
      56
    ]
  },
  "16": {
    "branch": [
      85,
      98,
      110,
      105
    ],
    "gen": [
      64,
      56
    ]
  },
  "19": {
    "branch": [
      94
    ],
    "gen": [
      92,
      56,
      48
    ]
  },
  "44": {
    "branch": [],
    "gen": [
      92,
      69,
      72,
      96
    ]
  },
  "31": {
    "branch": [
      100,
      86,
      80
    ],
    "gen": [
      50,
      57,
      49
    ]
  },
  "146": {
    "branch": [
      107,
      95,
      112
    ],
    "gen": [
      49,
      54
    ]
  },
  "74": {
    "branch": [
      89,
      82,
      116
    ],
    "gen": [
      50,
      52
    ]
  },
  "61": {
    "branch": [
      83,
      108,
      80,
      93
    ],
    "gen": [
      69,
      62
    ]
  },
  "29": {
    "branch": [
      113,
      86
    ],
    "gen": [
      72,
      71,
      60
    ]
  },
  "159": {
    "branch": [
      94,
      92,
      107,
      104
    ],
    "gen": [
      64
    ]
  },
  "193": {
    "branch": [
      103
    ],
    "gen": [
      96,
      63,
      72
    ]
  },
  "101": {
    "branch": [
      85,
      114
    ],
    "gen": [
      58,
      55,
      95
    ]
  },
  "105": {
    "branch": [
      104,
      81,
      89,
      105
    ],
    "gen": [
      94,
      52
    ]
  },
  "17": {
    "branch": [
      93,
      95
    ],
    "gen": [
      62,
      92,
      57,
      95
    ]
  },
  "166": {
    "branch": [
      82
    ],
    "gen": [
      54,
      57,
      68
    ]
  },
  "89": {
    "branch": [
      92,
      89
    ],
    "gen": [
      50,
      58
    ]
  },
  "198": {
    "branch": [
      88,
      85,
      87,
      117
    ],
    "gen": [
      61,
      93
    ]
  },
  "80": {
    "branch": [
      113
    ],
    "gen": [
      67,
      47,
      57
    ]
  },
  "51": {
    "branch": [
      116
    ],
    "gen": [
      69,
      52,
      56,
      70
    ]
  },
  "143": {
    "branch": [
      114,
      110
    ],
    "gen": [
      59,
      65
    ]
  },
  "48": {
    "branch": [
      100,
      95,
      113
    ],
    "gen": [
      48,
      96
    ]
  },
  "15": {
    "branch": [
      105,
      93
    ],
    "gen": [
      63,
      54
    ]
  },
  "97": {
    "branch": [
      93,
      83,
      92,
      96
    ],
    "gen": [
      54,
      55
    ]
  },
  "134": {
    "branch": [
      88,
      101
    ],
    "gen": [
      93,
      72
    ]
  },
  "110": {
    "branch": [
      84,
      89
    ],
    "gen": [
      67
    ]
  },
  "30": {
    "branch": [
      110,
      80,
      102,
      82
    ],
    "gen": [
      92
    ]
  },
  "6": {
    "branch": [
      80
    ],
    "gen": [
      55,
      68,
      49
    ]
  },
  "182": {
    "branch": [
      102,
      115
    ],
    "gen": [
      62,
      71,
      59
    ]
  },
  "164": {
    "branch": [
      95,
      99
    ],
    "gen": [
      52,
      93
    ]
  },
  "153": {
    "branch": [
      87
    ],
    "gen": [
      47,
      96,
      48
    ]
  },
  "186": {
    "branch": [
      101,
      104,
      91,
      113
    ],
    "gen": [
      53
    ]
  },
  "64": {
    "branch": [
      110,
      98,
      113
    ],
    "gen": [
      51
    ]
  },
  "90": {
    "branch": [
      87,
      83
    ],
    "gen": [
      58,
      59
    ]
  },
  "139": {
    "branch": [
      94,
      80,
      81
    ],
    "gen": [
      96,
      92
    ]
  },
  "4": {
    "branch": [
      107,
      89,
      91,
      102
    ],
    "gen": [
      47,
      53
    ]
  },
  "13": {
    "branch": [
      87,
      81
    ],
    "gen": [
      67,
      93
    ]
  },
  "104": {
    "branch": [
      99,
      89
    ],
    "gen": [
      61,
      64,
      66
    ]
  },
  "52": {
    "branch": [
      89,
      98,
      106
    ],
    "gen": [
      63
    ]
  },
  "179": {
    "branch": [
      82,
      103,
      91,
      87
    ],
    "gen": [
      49,
      65
    ]
  },
  "43": {
    "branch": [
      91,
      95,
      98
    ],
    "gen": [
      62,
      50
    ]
  },
  "11": {
    "branch": [
      107,
      103
    ],
    "gen": [
      64,
      48
    ]
  },
  "69": {
    "branch": [
      89
    ],
    "gen": [
      64,
      50,
      93,
      60,
      47
    ]
  },
  "171": {
    "branch": [
      88
    ],
    "gen": [
      55,
      52,
      60
    ]
  },
  "85": {
    "branch": [
      109
    ],
    "gen": [
      64,
      68,
      65
    ]
  },
  "119": {
    "branch": [
      106,
      117,
      98
    ],
    "gen": [
      64,
      92,
      63
    ]
  },
  "39": {
    "branch": [
      80,
      107,
      115
    ],
    "gen": [
      69
    ]
  },
  "126": {
    "branch": [
      80,
      100
    ],
    "gen": [
      67,
      70,
      47
    ]
  },
  "108": {
    "branch": [
      87,
      83
    ],
    "gen": [
      72,
      50
    ]
  },
  "156": {
    "branch": [
      108,
      86,
      116
    ],
    "gen": [
      62,
      96
    ]
  },
  "2": {
    "branch": [
      94,
      108,
      107
    ],
    "gen": [
      60,
      64,
      58
    ]
  },
  "10": {
    "branch": [
      85,
      93,
      107
    ],
    "gen": [
      70
    ]
  },
  "27": {
    "branch": [
      107,
      102,
      99,
      94,
      85
    ],
    "gen": []
  },
  "124": {
    "branch": [
      104,
      110,
      90,
      98
    ],
    "gen": [
      64,
      63
    ]
  },
  "144": {
    "branch": [
      89,
      104,
      93,
      82,
      112
    ],
    "gen": [
      55
    ]
  },
  "200": {
    "branch": [
      97,
      86
    ],
    "gen": [
      62,
      56,
      63,
      48
    ]
  },
  "20": {
    "branch": [
      82
    ],
    "gen": [
      51,
      48,
      58,
      92
    ]
  },
  "81": {
    "branch": [
      109,
      90,
      115,
      120
    ],
    "gen": [
      72
    ]
  },
  "187": {
    "branch": [
      90
    ],
    "gen": [
      69,
      66,
      65,
      72
    ]
  },
  "9": {
    "branch": [
      108,
      110
    ],
    "gen": [
      96,
      58
    ]
  },
  "189": {
    "branch": [
      104,
      115
    ],
    "gen": [
      58,
      64,
      62
    ]
  },
  "109": {
    "branch": [
      100,
      83
    ],
    "gen": [
      96,
      66
    ]
  },
  "161": {
    "branch": [
      102,
      100,
      101,
      89
    ],
    "gen": [
      95,
      51
    ]
  },
  "88": {
    "branch": [
      92,
      104,
      102
    ],
    "gen": [
      68,
      61,
      94
    ]
  },
  "120": {
    "branch": [
      99,
      80,
      84,
      113
    ],
    "gen": []
  },
  "24": {
    "branch": [
      96,
      92,
      120
    ],
    "gen": [
      53,
      50,
      51
    ]
  },
  "8": {
    "branch": [
      103,
      85,
      106
    ],
    "gen": [
      47,
      52,
      68
    ]
  },
  "37": {
    "branch": [
      104,
      102
    ],
    "gen": [
      94,
      55
    ]
  },
  "83": {
    "branch": [
      115,
      89
    ],
    "gen": [
      96,
      95
    ]
  },
  "190": {
    "branch": [
      85,
      103
    ],
    "gen": [
      70,
      59,
      67
    ]
  },
  "99": {
    "branch": [
      103
    ],
    "gen": [
      57,
      64,
      59
    ]
  },
  "121": {
    "branch": [
      107
    ],
    "gen": [
      66,
      64,
      71,
      70,
      94
    ]
  },
  "14": {
    "branch": [
      104,
      114,
      83,
      82
    ],
    "gen": [
      93
    ]
  },
  "174": {
    "branch": [
      114,
      82
    ],
    "gen": [
      63,
      69,
      62,
      72
    ]
  },
  "123": {
    "branch": [],
    "gen": [
      96,
      59,
      50,
      66,
      69,
      70
    ]
  },
  "32": {
    "branch": [
      90,
      97,
      89,
      100
    ],
    "gen": [
      47,
      60
    ]
  },
  "197": {
    "branch": [
      93,
      87,
      96
    ],
    "gen": [
      95
    ]
  },
  "196": {
    "branch": [
      114,
      90,
      115
    ],
    "gen": [
      56,
      49
    ]
  },
  "151": {
    "branch": [
      105,
      96,
      93,
      101,
      114
    ],
    "gen": [
      48
    ]
  },
  "54": {
    "branch": [
      105
    ],
    "gen": [
      52,
      61,
      54
    ]
  },
  "63": {
    "branch": [
      114
    ],
    "gen": [
      58,
      66,
      95,
      62
    ]
  },
  "191": {
    "branch": [
      89,
      107,
      116
    ],
    "gen": [
      93,
      53
    ]
  },
  "91": {
    "branch": [
      98
    ],
    "gen": [
      67,
      49,
      95,
      61
    ]
  },
  "62": {
    "branch": [
      110,
      103
    ],
    "gen": [
      72,
      94
    ]
  },
  "150": {
    "branch": [
      108,
      88,
      96
    ],
    "gen": [
      93
    ]
  },
  "122": {
    "branch": [
      81
    ],
    "gen": [
      61,
      94,
      58,
      67
    ]
  },
  "58": {
    "branch": [
      117,
      101,
      95,
      111
    ],
    "gen": [
      62
    ]
  },
  "199": {
    "branch": [
      114,
      101
    ],
    "gen": [
      55,
      60
    ]
  },
  "173": {
    "branch": [
      81,
      98
    ],
    "gen": [
      53,
      92,
      56,
      59
    ]
  },
  "188": {
    "branch": [
      84,
      106
    ],
    "gen": [
      72,
      60,
      51
    ]
  },
  "98": {
    "branch": [
      115,
      94
    ],
    "gen": [
      66,
      50,
      72
    ]
  },
  "76": {
    "branch": [
      83,
      82,
      86
    ],
    "gen": [
      61,
      95
    ]
  },
  "34": {
    "branch": [
      105,
      82
    ],
    "gen": [
      67,
      48
    ]
  },
  "50": {
    "branch": [
      113,
      87
    ],
    "gen": [
      54,
      51
    ]
  },
  "194": {
    "branch": [
      112,
      95
    ],
    "gen": [
      56,
      57,
      51,
      48
    ]
  },
  "167": {
    "branch": [
      106
    ],
    "gen": [
      62,
      60,
      50
    ]
  },
  "42": {
    "branch": [
      114,
      117,
      89,
      116
    ],
    "gen": [
      64,
      66
    ]
  },
  "87": {
    "branch": [
      111,
      110,
      105,
      89
    ],
    "gen": [
      69,
      96
    ]
  },
  "132": {
    "branch": [
      86,
      107,
      81
    ],
    "gen": [
      60,
      61,
      53
    ]
  },
  "140": {
    "branch": [
      85,
      105,
      84
    ],
    "gen": [
      52
    ]
  },
  "169": {
    "branch": [
      93,
      120
    ],
    "gen": [
      71,
      62
    ]
  },
  "180": {
    "branch": [
      107,
      104
    ],
    "gen": [
      56,
      60
    ]
  },
  "160": {
    "branch": [
      109,
      120
    ],
    "gen": [
      66,
      70,
      94
    ]
  },
  "49": {
    "branch": [
      98,
      87,
      88,
      82
    ],
    "gen": [
      66,
      56
    ]
  },
  "106": {
    "branch": [
      117,
      90
    ],
    "gen": [
      94
    ]
  },
  "94": {
    "branch": [
      103,
      115,
      83
    ],
    "gen": [
      56,
      61,
      94
    ]
  },
  "102": {
    "branch": [
      101,
      94
    ],
    "gen": [
      67,
      96
    ]
  },
  "128": {
    "branch": [
      111
    ],
    "gen": [
      96,
      52,
      59
    ]
  },
  "70": {
    "branch": [
      100,
      96
    ],
    "gen": [
      96,
      63,
      70,
      94
    ]
  },
  "21": {
    "branch": [
      80,
      85,
      89
    ],
    "gen": [
      95,
      61,
      69
    ]
  },
  "38": {
    "branch": [
      84,
      109,
      87
    ],
    "gen": [
      50,
      53
    ]
  },
  "163": {
    "branch": [
      110,
      91,
      96
    ],
    "gen": [
      65
    ]
  },
  "131": {
    "branch": [
      87,
      100,
      108
    ],
    "gen": [
      66,
      92,
      71
    ]
  },
  "192": {
    "branch": [
      107
    ],
    "gen": [
      70,
      57,
      62
    ]
  },
  "53": {
    "branch": [
      99,
      106
    ],
    "gen": [
      70,
      95,
      56,
      71
    ]
  },
  "47": {
    "branch": [
      94,
      85,
      105
    ],
    "gen": [
      56
    ]
  },
  "175": {
    "branch": [
      105,
      100
    ],
    "gen": [
      55,
      93,
      47
    ]
  },
  "3": {
    "branch": [
      105,
      117,
      120,
      93
    ],
    "gen": [
      59,
      70
    ]
  },
  "178": {
    "branch": [
      83,
      94
    ],
    "gen": [
      92,
      70
    ]
  },
  "96": {
    "branch": [
      114,
      99,
      117
    ],
    "gen": [
      52,
      49
    ]
  },
  "149": {
    "branch": [
      80,
      104
    ],
    "gen": [
      68
    ]
  },
  "155": {
    "branch": [
      112,
      91,
      85
    ],
    "gen": [
      52,
      92
    ]
  },
  "181": {
    "branch": [
      104,
      105
    ],
    "gen": [
      54,
      48,
      94
    ]
  },
  "65": {
    "branch": [
      107,
      87,
      89,
      80
    ],
    "gen": [
      61,
      49
    ]
  }
}
