bus_id,cluster_id
1,6
3,9
4,9
5,6
7,6
8,2
9,6
11,6
13,9
14,6
15,6
16,9
17,6
18,9
20,9
23,9
24,9
25,9
27,6
28,6
29,9
31,9
32,9
33,9
34,10
35,10
36,10
37,10
38,10
39,10
40,10
41,10
42,10
43,0
44,11
45,11
46,11
47,11
48,15
49,11
50,11
52,11
53,11
54,11
55,19
56,11
57,11
60,11
62,11
64,11
65,11
66,11
68,11
69,11
70,10
71,10
72,0
73,10
74,16
75,10
76,10
78,23
79,11
81,23
82,23
83,11
84,11
85,11
88,9
89,9
90,9
91,9
92,9
93,9
94,9
95,9
96,6
97,9
98,9
99,9
100,9
102,9
104,9
105,9
106,9
108,9
109,6
111,9
112,6
113,9
114,9
117,9
118,9
121,6
122,6
125,9
132,9
134,9
145,2
149,10
151,10
152,10
153,10
154,10
156,10
157,10
159,10
160,10
162,22
163,22
164,22
165,15
166,16
167,15
168,22
169,22
170,15
171,16
172,16
175,16
177,15
178,22
179,16
180,16
181,22
182,16
184,22
185,15
186,22
187,22
189,16
193,22
195,15
196,22
197,22
198,22
201,22
204,22
205,16
206,16
208,22
210,22
211,22
212,22
214,22
218,22
219,22
220,22
222,16
225,15
231,16
233,11
234,11
237,11
238,11
239,11
240,11
241,11
242,11
243,2
244,2
245,2
246,2
247,2
248,2
251,2
253,2
254,2
255,2
256,2
259,2
260,2
261,2
263,2
264,9
265,2
266,2
267,2
268,2
269,0
270,2
272,8
273,8
274,8
275,8
276,8
277,8
279,8
281,8
284,8
285,8
286,8
289,8
296,8
297,8
298,8
299,8
300,8
301,8
302,8
305,8
306,8
308,8
309,8
310,8
311,8
313,8
314,8
316,22
317,5
318,5
319,22
320,22
321,22
322,15
323,15
324,5
325,5
326,5
328,5
329,5
330,15
332,5
333,5
334,15
335,15
336,5
337,5
338,5
339,15
340,15
342,15
343,15
344,15
345,5
347,5
348,15
349,15
351,5
352,5
353,5
354,15
356,15
357,15
358,5
359,15
360,15
362,5
364,5
366,5
368,5
371,15
372,5
373,15
374,15
376,15
377,15
379,15
380,5
381,5
382,15
384,5
385,5
387,5
388,5
389,15
390,15
391,5
393,15
394,5
396,15
398,15
399,5
400,5
402,15
403,5
404,15
407,5
408,5
409,5
410,5
412,5
413,15
414,5
415,7
416,5
417,5
418,5
419,5
420,14
421,5
422,5
423,5
425,7
426,5
427,14
428,14
429,5
430,5
433,5
435,5
436,5
437,5
438,9
439,5
440,5
441,5
443,14
444,14
445,14
446,5
447,5
448,7
449,5
450,15
451,15
452,22
453,15
454,22
455,22
456,22
457,22
459,22
460,15
461,22
462,22
463,15
464,23
466,23
467,23
469,23
471,23
472,23
473,2
474,11
475,11
476,11
478,11
480,11
481,11
482,11
483,14
487,7
490,21
492,7
507,13
508,21
509,7
510,7
511,7
513,14
514,14
515,1
517,1
518,14
519,21
520,1
521,21
522,14
523,1
525,7
526,5
527,1
528,21
529,14
530,13
531,13
532,1
534,13
535,1
536,13
537,7
538,13
539,4
540,13
541,1
542,13
543,1
544,21
545,13
546,21
547,13
548,13
549,13
551,21
552,1
553,13
555,13
556,21
557,13
558,21
559,1
560,4
561,4
562,7
563,21
564,13
565,13
566,13
567,1
568,21
569,7
570,21
571,1
572,13
573,7
574,1
576,14
577,1
578,21
579,21
580,13
581,21
582,13
584,14
586,7
587,13
589,21
590,13
591,21
592,7
593,13
595,21
596,13
597,17
598,1
599,14
600,21
602,7
604,1
605,1
608,13
609,14
610,1
612,21
613,21
614,21
615,13
616,1
617,21
618,13
619,13
620,14
621,1
622,13
623,14
626,1
628,13
629,14
630,14
631,1
632,7
633,1
634,21
635,13
637,1
638,14
639,17
641,21
642,13
643,14
645,7
646,7
647,21
648,13
649,1
651,21
652,21
653,1
654,1
656,21
657,14
658,21
659,1
660,7
661,1
662,21
663,14
664,14
665,1
666,7
667,13
668,1
669,13
670,14
671,21
674,1
675,14
676,21
677,13
678,7
679,14
680,21
681,21
682,1
683,1
685,1
686,13
687,14
688,1
689,1
690,13
691,14
692,14
693,21
694,13
695,1
696,13
697,21
698,13
700,14
701,21
703,1
704,1
705,1
706,1
707,21
708,1
709,7
711,7
712,13
713,21
715,21
716,14
717,13
718,1
719,14
720,13
721,1
722,1
723,21
724,13
726,13
727,13
728,13
729,14
730,13
732,7
733,1
734,7
735,21
740,21
741,21
742,14
743,13
744,21
745,1
746,13
747,14
748,13
749,7
750,7
751,13
752,21
753,21
755,13
756,21
757,7
758,21
760,13
761,21
762,1
763,14
765,21
766,16
767,16
768,22
769,16
771,22
774,22
775,16
776,16
777,22
778,16
779,16
780,22
781,16
783,22
785,23
787,23
788,6
790,23
791,23
792,23
794,6
795,23
796,23
797,23
798,16
799,16
800,23
802,2
803,23
804,23
806,23
807,23
808,2
809,23
811,23
812,23
813,23
814,16
815,16
816,16
817,16
819,16
820,16
821,16
822,16
823,16
824,16
825,16
828,16
829,16
830,16
832,16
833,16
835,16
836,16
837,16
839,2
841,2
842,2
843,2
847,2
849,2
851,2
852,2
854,22
855,22
857,22
858,15
859,20
861,20
862,20
864,20
868,20
869,20
870,20
871,20
872,20
873,15
874,20
875,20
876,20
878,20
879,20
880,20
881,20
882,20
883,15
884,20
885,20
887,15
888,15
891,20
892,20
893,23
894,23
895,23
898,23
901,10
902,10
903,10
904,11
907,11
908,1
909,4
910,4
911,4
912,4
913,4
914,24
915,1
916,4
917,4
918,4
919,4
920,4
921,4
922,4
923,4
924,4
925,4
926,4
927,4
929,4
930,4
931,4
932,4
933,4
934,4
935,4
936,24
938,4
939,1
940,4
941,4
942,4
943,1
944,4
946,24
947,4
948,4
949,4
950,24
951,24
952,1
953,4
954,24
955,4
956,1
957,4
958,4
959,4
960,4
961,4
962,1
963,4
964,4
967,4
968,4
970,4
972,4
973,4
974,4
975,4
976,4
977,4
979,4
980,4
981,4
982,24
983,24
984,24
986,24
987,10
988,10
989,10
990,10
991,10
993,10
994,18
995,10
996,10
997,10
998,10
999,10
1000,10
1001,10
1002,10
1003,10
1004,10
1005,10
1007,18
1008,10
1009,10
1012,10
1013,10
1014,10
1015,10
1016,18
1017,18
1018,10
1019,10
1020,10
1021,11
1022,11
1025,11
1027,11
1028,11
1029,8
1031,19
1034,8
1035,19
1036,8
1037,8
1038,8
1039,19
1040,8
1041,8
1042,8
1043,24
1044,24
1046,17
1048,24
1049,24
1050,24
1051,19
1052,24
1053,17
1054,24
1055,24
1057,19
1058,24
1059,19
1060,19
1061,19
1062,17
1064,24
1065,24
1066,8
1067,19
1068,24
1069,24
1071,24
1072,24
1073,24
1075,24
1076,17
1077,19
1078,24
1079,24
1080,24
1081,19
1082,24
1083,19
1084,24
1085,19
1087,10
1088,10
1089,18
1093,3
1094,3
1095,3
1096,18
1097,3
1098,3
1099,3
1100,18
1102,10
1103,3
1104,3
1105,18
1106,3
1107,18
1108,18
1109,18
1110,18
1111,3
1112,18
1113,3
1114,18
1115,10
1116,3
1117,18
1118,3
1119,3
1120,3
1123,18
1124,10
1125,3
1127,18
1128,18
1129,18
1130,3
1131,18
1132,18
1133,18
1134,18
1135,10
1136,3
1137,18
1138,3
1139,18
1142,3
1143,18
1144,18
1145,18
1147,3
1148,18
1149,3
1151,3
1152,10
1154,3
1155,18
1156,18
1157,18
1158,3
1159,3
1160,3
1161,3
1162,10
1163,18
1164,18
1165,3
1166,3
1167,3
1168,3
1169,18
1170,3
1171,3
1172,3
1173,3
1174,0
1175,18
1176,3
1177,18
1178,3
1179,3
1180,18
1181,18
1182,18
1183,3
1184,18
1186,3
1187,3
1188,3
1189,3
1191,18
1192,10
1193,18
1195,18
1196,18
1197,18
1199,18
1200,3
1201,3
1203,3
1204,10
1205,0
1206,10
1207,18
1208,3
1209,18
1210,3
1211,3
1212,18
1213,18
1214,3
1215,3
1216,3
1217,3
1218,18
1221,3
1222,18
1223,18
1224,18
1225,18
1226,18
1227,3
1228,3
1229,18
1230,3
1231,18
1233,3
1234,3
1235,10
1236,10
1237,3
1238,18
1239,3
1240,3
1241,18
1242,18
1244,3
1245,3
1246,10
1247,3
1248,3
1249,18
1250,3
1251,18
1255,3
1256,3
1257,3
1258,18
1259,18
1260,18
1261,18
1262,18
1263,3
1264,18
1265,3
1266,3
1267,3
1268,3
1269,10
1270,3
1271,18
1272,18
1273,18
1274,18
1275,3
1276,18
1277,18
1278,18
1280,20
1282,20
1285,8
1287,24
1288,17
1289,17
1290,19
1291,17
1292,17
1293,17
1294,17
1297,17
1299,17
1300,17
1301,17
1305,17
1309,17
1310,17
1311,19
1312,17
1314,17
1315,17
1316,17
1318,17
1319,17
1320,8
1321,19
1322,19
1323,19
1325,17
1326,17
1328,8
1329,17
1331,5
1332,19
1335,17
1336,17
1338,17
1340,17
1341,17
1342,17
1343,19
1344,17
1346,17
1347,19
1348,17
1349,17
1350,19
1352,17
1353,17
1354,17
1355,17
1356,19
1359,19
1360,17
1364,17
1366,19
1367,8
1368,12
1369,12
1370,24
1371,12
1372,12
1373,12
1374,12
1375,8
1376,12
1377,8
1378,12
1379,12
1380,24
1382,12
1383,12
1384,12
1386,12
1387,12
1388,12
1389,12
1391,12
1392,12
1395,12
1396,12
1398,12
1399,12
1400,12
1401,12
1402,12
1403,12
1404,8
1405,12
1406,24
1407,12
1408,12
1409,24
1410,12
1411,12
1412,12
1413,12
1414,24
1415,24
1417,24
1418,12
1419,12
1421,12
1423,24
1424,12
1425,24
1426,12
1428,12
1429,24
1431,12
1432,12
1433,12
1434,24
1435,12
1437,24
1438,12
1439,12
1440,12
1441,12
1442,12
1443,24
1444,12
1445,12
1447,12
1448,12
1449,12
1450,12
1451,12
1452,12
1453,12
1454,12
1455,12
1456,12
1457,24
1458,12
1459,12
1462,12
1463,12
1464,12
1465,12
1466,12
1467,6
1468,6
1469,6
1471,6
1472,0
1473,0
1474,9
1475,0
1476,0
1477,0
1478,0
1480,0
1481,0
1482,0
1483,0
1484,0
1485,0
1486,0
1487,0
1488,0
1489,0
1490,0
1491,0
1492,0
1493,0
1494,0
1495,0
1497,0
1499,0
1500,0
1502,0
1503,0
1504,0
1505,0
1506,0
1507,0
1509,0
1511,0
1514,0
1516,0
1517,0
1518,0
1519,0
1520,0
1522,0
1523,15
1524,15
1525,15
1526,15
1527,15
1528,15
1529,15
1530,15
1531,15
1533,15
1534,15
1535,15
1536,15
1538,0
1540,15
1541,6
1543,6
1544,6
1545,6
1547,6
1549,6
1550,6
1551,6
1552,6
1554,6
1555,6
1557,6
1558,6
1561,6
1562,6
1563,6
1564,6
1565,6
1566,6
1568,6
1572,6
1573,6
1575,6
1576,6
1577,15
1578,15
1580,15
1581,15
1582,15
1583,15
1584,15
1586,15
1588,15
1590,7
1591,15
1592,15
1593,15
1595,15
1596,7
1598,15
1599,15
1600,20
1601,20
1602,20
1604,20
1605,20
1606,20
1607,20
1608,20
1609,20
1610,7
1611,20
1612,20
1613,20
1615,20
1616,20
1617,20
1618,20
1619,20
1623,20
1625,20
1626,20
1627,20
1628,20
1629,20
1630,20
1631,20
1632,20
1634,20
1635,20
1636,20
1637,20
1640,20
1641,20
1642,20
1643,20
1644,20
1645,20
1646,20
1647,20
1648,20
1649,20
1650,20
1651,20
1654,20
1655,20
1659,2
1660,2
1661,2
1662,2
1663,2
1664,2
1665,2
1666,2
1670,2
1671,2
1672,2
1674,2
1676,2
1677,2
1679,2
1680,2
1681,2
1684,2
1685,2
1686,2
1687,10
1688,10
1690,10
1691,10
1692,10
1694,2
1695,2
1697,2
1699,2
1700,2
1701,2
1702,2
1703,2
1704,2
1705,2
1707,2
1708,2
1709,2
1710,2
1711,2
1713,2
1714,2
1715,2
1716,2
1718,2
1722,2
1723,11
1724,23
1725,9
1726,9
1727,9
1728,23
1730,9
1732,23
1733,3
1734,9
1736,23
1737,23
1738,23
1739,3
1740,23
1742,23
1745,23
1747,23
1750,23
1752,23
1754,23
1756,23
1757,23
1759,23
1760,23
1761,23
1762,23
1763,23
1764,23
1766,23
1769,23
1770,0
1771,16
1772,0
1774,0
1775,0
1776,0
1778,16
1780,0
1781,0
1783,0
1784,0
1785,16
1786,0
1787,16
1788,0
1789,0
1790,0
1791,0
1792,0
1793,0
1796,16
1798,16
1802,16
1803,16
1806,16
1807,16
1808,16
1810,0
1811,0
1812,0
1813,16
1815,16
1816,16
1817,16
1818,16
1819,16
1820,18
1821,18
1822,11
1823,18
1825,11
1826,11
1827,11
1828,11
1829,11
1830,11
1834,11
1835,2
1836,2
1837,11
1838,2
1839,2
1840,2
1841,2
1842,11
1844,2
1846,2
1847,2
1848,2
1849,2
1851,2
1853,2
1854,2
1855,15
1856,22
1857,22
1858,22
1859,22
1860,5
1861,5
1862,22
1863,5
1864,22
1865,5
1866,22
1867,22
1868,22
1869,22
1870,22
1871,22
1872,22
1873,22
1875,22
1876,22
1877,5
1878,5
1879,5
1882,5
1883,5
1884,22
1885,22
1886,22
1887,22
1888,22
1890,22
1891,5
1892,5
1894,16
1895,16
1896,16
1897,16
1898,10
1899,16
1900,16
1901,7
1903,7
1904,7
1906,7
1908,7
1909,7
1910,7
1911,7
1912,7
1913,7
1914,7
1915,7
1917,7
1918,7
1919,7
1920,7
1921,7
1922,7
1923,7
1924,7
1925,7
1927,7
1928,7
1929,7
1930,7
1931,7
1933,7
1934,7
1935,7
1936,7
1937,7
1941,23
1942,11
1943,23
1945,23
1949,11
1950,11
1952,11
1953,11
1954,11
1955,11
1956,11
1958,11
1959,11
1963,23
1965,2
1966,2
1967,10
1968,23
1969,10
1970,6
1971,9
1972,9
1974,15
1975,15
1976,17
1977,17
1978,21
1979,16
1980,12
1984,16
1985,24
1986,2
1987,24
1988,12
1989,12
1990,12
1991,12
1993,12
1995,12
1996,8
1997,8
1999,19
2000,19
2001,8
2004,8
2005,8
2007,17
2008,17
2010,11
2011,20
2012,20
2014,20
2015,9
2016,9
2017,9
2018,9
2019,2
2020,24
2021,8
2022,17
2023,12
2024,9
2025,12
2026,24
2027,16
2028,16
2029,16
2031,9
2032,16
2035,14
2037,24
2038,24
2039,7
2040,12
2041,11
2042,11
2043,11
2044,11
2045,11
2046,11
2047,11
2048,11
2049,11
2050,11
2051,11
2052,11
2058,2
2059,2
2060,2
2061,11
2062,2
2063,2
2064,11
2065,11
2067,11
2072,11
2075,11
2076,23
2078,11
2080,10
2082,10
2083,10
2088,10
2093,10
2096,10
2098,9
2099,9
2102,9
2103,9
2104,16
2105,9
2106,9
2108,9
2109,6
2110,6
2111,6
2112,6
2113,6
2114,22
2115,9
2116,6
2118,6
2119,22
2121,9
2122,6
2123,6
2124,6
2125,6
2126,6
2128,9
2129,9
2130,9
2131,9
2132,6
2133,6
2134,9
2136,22
2137,22
2139,9
2140,9
2141,9
2142,9
2146,16
2148,22
2149,22
2152,22
2155,22
2156,22
2158,22
2160,22
2163,22
2165,22
2167,22
2171,16
2173,22
2174,22
2175,16
2176,16
2177,16
2178,22
2180,22
2181,22
2182,22
2184,16
2185,20
2188,20
2189,22
2190,22
2191,22
2193,22
2195,15
2196,15
2197,5
2198,5
2199,5
2200,5
2201,20
2203,15
2204,5
2205,5
2208,5
2209,5
2210,5
2211,5
2212,5
2214,15
2215,15
2216,15
2217,15
2218,15
2219,15
2220,15
2221,15
2223,5
2224,5
2225,5
2226,5
2227,14
2229,14
2230,14
2231,15
2233,15
2234,15
2235,15
2236,15
2237,15
2238,15
2239,7
2240,14
2242,14
2243,14
2244,14
2245,14
2247,1
2249,1
2250,13
2252,21
2253,21
2255,21
2256,21
2257,21
2258,21
2259,21
2260,8
2261,8
2262,8
2263,8
2264,8
2265,8
2266,8
2267,8
2269,8
2270,8
2271,8
2272,8
2273,8
2274,8
2275,8
2276,8
2277,8
2278,2
2279,2
2281,2
2284,2
2286,2
2288,2
2289,2
2291,2
2292,2
2293,2
2294,2
2296,2
2297,2
2298,2
2299,2
2300,2
2301,2
2302,2
2303,2
2304,2
2306,2
2307,2
2310,2
2311,2
2312,2
2313,11
2316,11
2318,10
2319,11
2323,10
2324,10
2328,11
2330,11
2331,18
2332,11
2333,10
2336,23
2337,23
2338,23
2340,20
2341,23
2343,23
2344,18
2345,18
2348,18
2349,23
2351,23
2353,18
2354,18
2355,18
2356,18
2358,18
2359,18
2360,10
2361,3
2362,3
2363,3
2364,18
2365,3
2366,3
2367,3
2368,3
2369,3
2372,3
2373,10
2376,3
2377,0
2378,23
2379,23
2380,9
2381,9
2382,9
2384,0
2386,0
2387,0
2388,0
2389,0
2390,0
2392,0
2393,0
2394,0
2395,9
2396,0
2397,0
2398,6
2399,6
2400,0
2401,0
2402,0
2403,0
2404,16
2406,16
2408,16
2409,6
2410,20
2411,20
2412,20
2413,20
2415,20
2416,20
2417,20
2418,20
2419,20
2420,20
2421,20
2422,20
2423,20
2425,20
2427,20
2428,14
2429,14
2430,14
2431,14
2432,14
2433,5
2434,5
2435,15
2437,8
2438,15
2440,19
2441,19
2442,15
2443,19
2447,19
2448,19
2449,15
2451,8
2452,17
2453,19
2455,19
2459,17
2460,19
2461,17
2462,17
2464,19
2465,19
2466,19
2467,19
2468,19
2469,19
2470,19
2471,19
2472,19
2473,19
2474,19
2475,24
2476,19
2477,17
2479,8
2480,24
2481,19
2482,24
2483,4
2484,4
2485,4
2487,8
2488,8
2491,8
2492,8
2493,8
2494,8
2495,24
2496,24
2499,12
2501,12
2502,12
2505,12
2506,12
2507,12
2508,11
2509,11
2510,3
2511,3
2512,10
2513,10
2514,10
2515,10
2517,16
2518,5
2519,7
2521,7
2522,7
2523,7
2525,8
2527,2
2530,11
2531,23
2533,19
2534,18
2535,3
2536,9
2537,0
2540,6
2541,20
2542,20
2543,20
2545,16
2546,11
2547,23
2548,23
2549,9
2550,9
2551,9
2552,9
2553,9
2554,22
2555,15
2556,15
2557,15
2558,15
2559,5
2561,5
2564,5
2566,5
2568,5
2569,5
2570,5
2571,5
2572,5
2573,5
2574,5
2575,5
2576,5
2577,15
2578,15
2579,7
2580,14
2581,14
2582,14
2583,14
2584,13
2585,21
2587,2
2588,18
2589,18
2591,18
2594,20
2595,15
2596,19
2597,19
2598,17
2599,24
2601,11
2604,18
2605,10
2607,0
2609,20
2610,20
2611,0
2612,0
2613,16
2614,0
2615,16
2616,16
2618,22
2619,22
2620,15
2621,22
2622,20
2623,22
2624,22
2625,22
2626,22
2627,15
2628,15
2629,22
2630,22
2631,15
2632,15
2635,15
2636,15
2637,15
2638,15
2640,5
2641,5
2643,5
2644,14
2645,7
2646,7
2647,19
2648,19
2649,17
2650,19
2651,17
2652,17
2653,17
2654,17
2655,17
2656,17
2657,17
2658,17
2660,17
2661,17
2662,17
2663,17
2664,19
2665,19
2666,19
2667,19
2668,19
2669,19
2670,19
2671,19
2672,19
2673,24
2674,17
2675,14
2677,7
2678,24
2679,24
2681,19
2682,19
2683,19
2684,19
2685,8
2687,8
2688,4
2689,4
2690,4
2691,4
2692,4
2693,4
2695,4
2696,12
2697,12
2698,12
2699,12
2701,8
2703,8
2704,8
2705,8
2707,1
2708,1
2709,1
2710,1
2711,14
2712,1
2713,1
2714,1
2716,1
2717,14
2718,1
2719,1
2720,13
2721,1
2722,13
2723,13
2724,1
2725,1
2727,13
2728,13
2729,13
2730,13
2731,13
2732,13
2733,13
2734,13
2735,13
2736,13
2737,13
2738,13
2739,13
2740,13
2741,13
2742,13
2745,14
2746,14
2747,14
2750,14
2751,14
2752,14
2753,14
2754,14
2755,13
2756,21
2757,13
2758,13
2759,7
2760,7
2761,7
2762,7
2763,7
2764,21
2766,21
2767,21
2768,21
2769,21
2770,21
2771,21
2772,21
2773,21
2774,16
2775,11
2776,11
2778,11
2780,3
2781,18
2782,10
2784,10
2785,23
2786,23
2787,23
2788,23
2791,23
2792,23
2794,0
2795,0
2796,9
2797,6
2799,6
2800,6
2801,6
2802,6
2803,6
2804,6
2805,6
2806,6
2807,6
2808,6
2809,6
2810,6
2811,6
2812,6
2813,6
2814,6
2815,6
2816,6
2817,6
2818,6
2819,9
2820,9
2821,9
2822,9
2825,6
2826,6
2827,6
2829,6
2830,6
2831,6
2832,6
2833,6
2834,6
2835,6
2836,6
2837,6
2838,6
2839,9
2840,9
2841,0
2842,9
2843,9
2845,9
2846,0
2847,0
2848,0
2849,0
2850,0
2853,20
2854,20
2855,16
2856,20
2860,20
2861,20
2862,20
2863,20
2864,20
2865,20
2866,20
2867,20
2868,20
2870,22
2871,22
2872,22
2873,22
2874,22
2875,15
2876,15
2877,22
2878,22
2879,22
2880,22
2882,15
2883,5
2884,5
2885,5
2886,15
2887,15
2889,5
2890,5
2891,5
2892,5
2893,5
2894,15
2895,15
2896,2
2897,15
2898,15
2899,7
2900,7
2901,7
2902,21
2903,21
2904,21
2905,21
2906,1
2907,4
2909,11
2910,10
2911,18
2912,18
2914,4
2915,24
2916,4
2917,4
2918,24
2921,19
2922,24
2924,19
2926,19
2927,19
2928,19
2929,8
2930,9
2932,10
2933,9
2934,2
2936,13
2939,1
2941,15
2942,0
2943,16
2944,9
2945,12
2946,22
2947,16
2948,2
2949,23
2950,15
2951,9
2952,9
2953,16
2955,2
2956,10
2957,9
2959,8
2963,19
2964,22
2965,8
2966,14
2967,14
2968,14
2969,8
2970,8
2971,8
2972,8
2973,8
2974,19
2975,19
2978,19
2981,19
2982,19
2983,19
2985,19
2986,19
2987,19
2988,5
2995,5
2998,19
3003,21
3005,17
3006,7
3007,24
3008,4
3009,22
3010,21
3011,20
3012,20
3013,6
3014,9
3015,15
3016,0
3017,15
3018,2
3020,0
3022,11
3023,0
3024,20
3025,11
3026,0
3027,16
3028,10
3030,9
3031,11
3032,12
3033,2
3035,14
3036,14
3037,22
3038,22
3042,22
3044,14
3047,17
3049,14
3050,10
3051,10
3052,0
3053,0
3054,9
3055,6
3056,6
3057,6
3058,8
3059,5
3060,7
3061,5
3062,0
3064,24
3067,10
3068,10
3069,8
3076,24
3077,24
3091,2
3092,2
3093,10
3094,11
3097,18
3100,3
3104,18
3106,3
3109,3
3114,3
3115,10
3116,3
3118,3
3120,18
3122,10
3123,3
3124,3
3126,3
3127,3
3128,3
3130,10
3131,10
3132,3
3133,10
3135,19
3137,24
3141,22
3143,4
3144,4
3145,4
3146,4
3147,20
3148,20
3149,20
3150,20
3151,20
3152,20
3153,20
3154,20
3155,20
3156,20
3157,20
3158,20
3159,20
3161,8
3162,13
3163,13
3165,17
3166,19
3168,22
3173,19
3174,19
3175,19
3176,19
3177,19
3178,19
3179,19
3180,19
3181,19
3182,19
3183,19
3184,19
3185,19
3186,19
3187,5
3191,9
3195,4
3197,22
3198,23
3200,19
3205,8
3206,19
3207,19
3240,8
3248,20
3250,6
3251,6
3252,6
3253,4
3254,4
3255,4
3256,4
3257,4
3258,4
3259,4
3260,4
3261,4
3262,4
3263,4
3264,4
3265,4
3266,4
3267,4
3268,4
3269,4
3270,4
3271,4
3272,4
3273,4
3274,4
3275,4
3276,4
3277,4
3278,4
3279,4
3280,4
3281,4
3282,4
3283,4
3284,4
3285,4
3286,4
3287,4
3288,4
3289,4
3290,4
3291,4
3292,4
3293,4
3294,4
3295,4
3296,4
3297,4
3298,4
3299,8
3300,19
3302,19
3303,19
3304,19
3305,19
3306,19
3307,19
3308,19
3309,19
3310,19
3311,19
3312,19
3313,19
3314,19
3315,19
3316,19
3317,19
3318,19
3322,16
3323,16
3325,16
3326,0
3327,0
3328,0
3329,16
3330,0
3331,0
3332,0
3333,0
3334,8
3335,8
3336,8
3337,8
3338,8
3339,8
3340,8
3341,8
3342,8
3343,8
3345,8
3346,8
3347,8
3348,8
3349,8
3350,19
3351,8
3352,19
3353,8
3354,8
3355,8
3356,8
3357,8
3358,8
3359,8
3360,8
3361,8
3362,8
3363,8
3364,8
3365,8
3366,8
3367,8
3368,8
3369,8
3370,8
3371,8
3372,8
3373,8
3374,8
3375,8
3376,8
3377,8
3378,8
3379,8
3380,8
3381,8
3382,8
3383,8
3384,8
3386,8
3387,8
3388,8
3389,8
3390,8
3391,8
3392,8
3393,8
3394,8
3395,8
3396,8
3397,8
3398,8
3399,8
3400,8
3401,8
3402,8
3403,8
3404,8
3405,8
3406,8
3407,8
3408,8
3409,8
3410,8
3411,8
3412,8
3414,8
3416,8
3417,8
3418,8
3419,8
3420,8
3421,8
3423,8
3424,8
3429,8
3430,8
3431,8
3432,8
3434,8
3435,8
3437,8
3438,8
3439,8
3440,8
3441,8
3442,8
3443,8
3444,8
3445,8
3446,8
3447,8
3448,8
3449,8
3450,8
3451,8
3452,8
3453,8
3454,8
3455,8
3456,8
3457,8
3458,8
3459,8
3460,8
3461,8
3462,8
3465,8
3466,8
3467,8
3469,8
3470,8
3471,8
3472,8
3473,8
3474,8
3475,8
3476,8
3478,8
3479,8
3480,8
3481,8
3482,19
3483,8
3486,21
3489,14
3490,14
3491,14
3492,14
3493,7
3494,7
3495,7
3496,7
3497,7
3498,7
3499,7
3500,7
3501,7
3502,7
3503,7
3504,7
3505,7
3506,7
3507,14
3510,13
3511,13
3512,13
3513,4
3514,21
3515,21
3516,14
3517,14
3518,13
3519,14
3520,13
3521,17
3522,19
3523,14
3524,5
3525,5
3526,5
3527,5
3528,21
3529,21
3530,21
3531,19
3533,7
3535,7
3538,11
3539,11
3540,11
3541,11
3542,11
3543,11
3544,11
3545,11
3546,11
3547,11
3548,16
3549,0
3550,0
3551,0
3552,0
3553,0
3554,0
3555,0
3557,0
3558,0
3559,0
3560,0
3561,0
3562,0
3563,0
3564,0
3565,0
3566,0
3567,0
3568,0
3569,0
3570,0
3571,0
3572,0
3573,16
3574,0
3576,16
3580,0
3581,16
3582,0
3583,0
3584,0
3585,0
3586,0
3587,0
3588,0
3589,0
3590,0
3591,16
3592,16
3593,16
3594,16
3595,16
3596,16
3597,16
3598,16
3599,0
3600,0
3604,16
3606,16
3607,16
3608,16
3609,16
3610,8
3611,10
3612,10
3613,10
3615,10
3616,10
3617,10
3618,10
3619,10
3620,10
3621,10
3622,10
3623,10
3624,10
3625,10
3626,10
3627,10
3628,10
3633,10
3634,10
3635,10
3636,10
3637,10
3638,2
3639,2
3646,2
3647,2
3648,2
3649,2
3650,2
3651,2
3653,2
3654,2
3655,2
3656,2
3657,2
3658,2
3659,2
3660,2
3661,2
3662,2
3663,2
3664,2
3665,2
3666,2
3667,2
3668,2
3669,2
3672,2
3673,2
3674,2
3675,2
3676,2
3678,2
3679,2
3683,2
3687,2
3693,2
3694,2
3695,2
3697,11
3698,11
3699,11
3700,23
3702,23
3703,23
3704,23
3705,23
3707,23
3708,23
3709,23
3711,23
3712,15
3713,15
3715,5
3716,5
3718,22
3719,22
3720,22
3721,22
3722,22
3723,22
3725,22
3726,22
3731,15
3732,15
3733,15
3734,15
3735,22
3736,16
3737,15
3738,16
3739,16
3740,16
3741,16
3744,16
3745,16
3746,16
3747,16
3748,16
3749,0
3750,15
3751,15
3753,10
3754,9
3755,9
3756,9
3757,9
3758,0
3759,16
3760,10
3761,16
3762,0
3763,0
3764,0
3765,20
3766,0
3768,0
3769,3
3773,9
3774,9
3775,9
3776,9
3777,0
3778,0
3779,0
3780,0
3781,15
3782,15
3783,15
3784,15
3786,15
3787,15
3788,15
3789,15
3790,15
3791,15
3792,15
3793,5
3794,5
3795,5
3796,5
3797,5
3798,5
3799,5
3801,5
3802,15
3803,15
3804,15
3805,9
3806,6
3807,20
3808,6
3809,6
3810,6
3811,6
3813,6
3814,22
3815,22
3816,22
3817,16
3818,16
3824,16
3828,16
3829,5
3830,5
3831,5
3832,5
3833,5
3835,5
3836,5
3837,5
3838,5
3839,5
3840,16
3841,16
3842,16
3843,16
3845,16
3846,10
3847,10
3848,10
3849,10
3850,0
3851,0
3852,0
3853,9
3854,9
3855,9
3856,9
3858,9
3859,0
3860,10
3861,10
3862,10
3863,10
3864,18
3865,18
3866,11
3867,11
3868,22
3869,22
3870,22
3871,22
3872,22
3873,22
3874,22
3875,10
3876,18
3877,18
3878,18
3879,18
3880,18
3881,18
3882,18
3883,18
3884,18
3885,18
3886,10
3887,10
3888,10
3889,10
3890,10
3891,11
3892,23
3893,23
3894,23
3895,23
3896,23
3897,23
3898,23
3899,23
3900,23
3902,23
3903,23
3904,23
3905,23
3906,23
3907,23
3908,23
3909,23
3910,23
3911,23
3912,11
3913,11
3914,11
3915,11
3916,11
3917,11
3918,11
3919,11
3920,11
3921,11
3922,11
3923,11
3924,11
3926,10
3927,10
3928,11
3929,11
3930,23
3931,3
3932,11
3933,11
3934,11
3935,11
3936,11
3937,23
3938,23
3939,23
3940,23
3941,23
3942,23
3943,23
3946,23
3947,23
3948,23
3949,23
3950,23
3951,23
3952,23
3953,23
3954,23
3957,23
3958,23
3962,0
3963,11
3964,11
3965,16
3966,0
3967,0
3968,16
3969,16
3970,16
3971,2
3972,2
3973,2
3974,20
3975,20
3976,20
3977,20
3978,20
3979,20
3980,20
3981,20
3982,20
3983,20
3984,20
3985,20
3986,20
3987,20
3988,20
3989,20
3990,20
3991,20
3992,20
3993,20
3994,20
3995,20
3996,20
3997,20
3998,20
3999,9
4000,9
4001,9
4002,9
4003,9
4004,9
4005,9
4006,9
4007,9
4008,9
4009,6
4010,9
4011,6
4012,20
4013,20
4014,20
4015,20
4016,20
4017,20
4018,20
4019,20
4020,20
4021,20
4022,20
4023,20
4025,20
4026,20
4027,20
4028,20
4029,20
4030,20
4031,20
4033,20
4034,20
4035,20
4036,20
4037,20
4038,20
4039,9
4040,9
4041,9
4042,9
4043,9
4044,9
4045,9
4046,9
4047,9
4048,9
4049,9
4050,23
4051,23
4052,23
4053,23
4054,9
4055,9
4056,9
4057,9
4058,6
4059,9
4060,9
4061,9
4062,9
4063,9
4064,9
4065,9
4066,9
4067,9
4068,9
4069,9
4070,9
4071,9
4072,9
4073,6
4074,6
4075,6
4076,6
4077,6
4078,6
4079,6
4080,6
4081,6
4082,6
4083,6
4084,6
4085,6
4086,6
4087,6
4088,6
4089,6
4090,6
4091,6
4092,6
4093,6
4094,6
4095,6
4096,6
4097,6
4098,6
4099,6
4100,6
4101,6
4102,6
4103,6
4104,6
4105,6
4106,6
4107,6
4109,6
4110,6
4111,6
4112,6
4113,6
4114,6
4115,6
4116,6
4117,23
4118,3
4119,3
4120,23
4121,23
4122,23
4123,23
4124,23
4125,23
4126,23
4127,23
4128,23
4129,23
4130,23
4131,23
4132,23
4133,6
4134,23
4135,23
4136,23
4137,23
4138,23
4139,23
4140,23
4141,23
4142,23
4143,6
4144,6
4145,2
4146,11
4147,11
4148,2
4149,2
4150,2
4151,2
4153,23
4154,23
4155,23
4156,23
4157,23
4158,23
4160,23
4161,23
4162,0
4163,0
4164,10
4165,2
4166,2
4167,10
4168,10
4169,10
4170,2
4171,11
4172,5
4173,10
4175,5
4176,5
4177,5
4178,5
4179,3
4181,11
4182,11
4187,2
4192,10
4193,10
4194,10
4195,10
4196,10
4197,11
4198,11
4201,18
4202,18
4203,3
4204,11
4205,11
4207,2
4209,2
4210,0
4211,0
4212,0
4213,0
4214,9
4215,9
4216,9
4217,9
4218,6
4219,20
4220,9
4221,6
4223,20
4224,20
4225,20
4226,20
4227,15
4228,16
4229,16
4230,16
4231,22
4232,22
4233,22
4234,22
4235,15
4237,9
4238,9
4239,9
4243,9
4244,9
4245,9
4246,9
4253,16
4254,16
4255,16
4256,16
4257,0
4258,0
4259,0
4260,0
4261,0
4262,0
4263,0
4264,0
4266,16
4267,15
4268,15
4269,15
4270,15
4271,5
4272,5
4273,5
4274,5
4275,5
4276,5
4277,11
4278,11
4279,11
4281,11
4282,11
4283,11
4284,11
4285,11
4286,11
4287,11
4288,11
4289,0
4291,0
4292,0
4293,0
4294,0
4295,0
4296,0
4297,0
4298,10
4299,23
4300,23
4301,23
4302,9
4303,9
4304,9
4305,9
4306,9
4307,9
4308,9
4309,9
4310,9
4311,9
4312,9
4313,6
4314,6
4315,6
4316,6
4317,6
4318,6
4319,9
4320,9
4321,9
4322,6
4323,6
4324,6
4325,6
4326,23
4327,23
4328,23
4329,23
4331,23
4332,23
4333,23
4334,23
4336,23
4341,16
4344,22
4345,22
4346,15
4347,15
4348,22
4349,22
4350,22
4351,22
4352,22
4353,22
4354,22
4355,22
4356,22
4357,22
4358,22
4359,22
4360,22
4361,22
4362,22
4363,15
4364,15
4365,23
4366,23
4367,9
4368,9
4369,9
4370,9
4371,9
4372,9
4373,11
4374,11
4375,11
4376,11
4377,23
4378,23
4379,23
4380,23
4381,23
4382,23
4383,23
4384,23
4385,11
4386,11
4387,11
4388,11
4389,23
4390,23
4391,23
4392,23
4393,23
4394,23
4395,22
4396,6
4397,6
4398,11
4399,0
4400,11
4401,10
4404,23
4405,23
4406,23
4407,23
4408,23
4409,23
4410,11
4411,11
4412,11
4414,11
4416,11
4417,10
4418,10
4419,10
4420,10
4421,10
4422,10
4423,10
4424,11
4425,3
4426,11
4427,11
4428,10
4429,10
4430,10
4431,10
4432,10
4433,10
4434,0
4435,0
4436,9
4437,0
4438,0
4439,0
4440,0
4441,0
4442,0
4443,0
4444,0
4445,0
4446,0
4447,0
4451,20
4452,20
4453,20
4454,20
4455,16
4457,10
4458,20
4460,20
4461,20
4462,20
4463,23
4464,23
4465,9
4466,20
4467,2
4468,2
4471,2
4473,2
4474,2
4475,2
4477,2
4478,2
4479,2
4480,2
4483,2
4484,2
4485,2
4486,2
4487,2
4488,2
4489,2
4490,2
4491,2
4492,2
4493,2
4494,2
4495,2
4496,2
4497,2
4498,2
4499,2
4500,2
4501,2
4502,2
4503,2
4504,2
4505,2
4506,11
4508,2
4509,11
4510,2
4511,2
4512,2
4513,11
4514,11
4515,9
4516,23
4518,15
4519,15
4520,5
4521,5
4523,15
4524,15
4525,15
4526,15
4528,15
4529,15
4530,15
4531,15
4532,15
4533,15
4534,15
4535,15
4536,15
4537,5
4538,23
4539,23
4540,23
4541,23
4542,23
4543,23
4544,23
4545,23
4546,23
4547,23
4548,23
4549,23
4550,23
4551,23
4552,23
4553,23
4554,11
4555,11
4556,11
4557,11
4558,11
4559,11
4560,11
4561,11
4562,11
4563,11
4564,11
4565,11
4566,11
4567,11
4568,11
4569,11
4570,11
4571,11
4572,11
4573,11
4574,11
4575,11
4578,11
4579,11
4580,11
4581,11
4582,11
4583,11
4584,11
4585,11
4586,11
4587,11
4588,11
4589,11
4591,11
4592,11
4593,11
4594,11
4595,11
4596,11
4597,11
4598,11
4599,11
4600,11
4601,11
4602,11
4603,11
4604,11
4605,11
4606,11
4607,11
4608,11
4609,11
4610,23
4611,11
4612,11
4613,11
4614,11
4615,11
4616,11
4617,11
4618,11
4619,11
4620,11
4624,11
4625,11
4626,11
4627,11
4628,11
4629,11
4630,11
4631,11
4632,11
4633,11
4634,11
4635,10
4636,10
4637,10
4638,10
4639,10
4640,10
4641,10
4642,10
4643,10
4644,10
4645,10
4646,10
4648,11
4650,23
4651,23
4652,23
4653,23
4654,23
4655,23
4656,23
4657,23
4658,23
4659,23
4660,23
4662,23
4663,23
4664,23
4665,23
4666,23
4667,23
4668,23
4669,23
4670,23
4671,23
4672,23
4673,23
4674,23
4675,23
4677,23
4678,23
4679,23
4680,23
4681,23
4682,23
4683,23
4684,23
4685,23
4686,23
4687,23
4688,23
4689,23
4690,23
4691,23
4693,6
4694,6
4695,6
4696,23
4697,23
4698,23
4699,23
4700,23
4701,23
4702,3
4703,3
4704,3
4706,23
4707,3
4708,3
4709,23
4710,3
4711,3
4712,3
4713,3
4714,23
4715,23
4716,23
4718,23
4719,23
4720,11
4721,11
4722,11
4723,3
4724,11
4725,3
4726,11
4727,11
4728,18
4729,11
4730,11
4731,18
4732,18
4734,11
4735,18
4738,18
4739,18
4740,18
4741,18
4743,18
4745,10
4746,10
4747,10
4748,10
4749,10
4750,10
4751,10
4752,10
4753,10
4754,10
4755,10
4756,10
4758,18
4759,18
4760,10
4761,10
4762,10
4763,10
4764,10
4765,10
4766,10
4767,10
4768,10
4769,10
4770,10
4771,10
4772,10
4773,10
4774,10
4775,10
4776,10
4777,10
4778,10
4779,10
4780,10
4781,10
4782,10
4783,10
4784,10
4785,10
4786,10
4787,16
4788,16
4789,10
4790,16
4791,16
4792,16
4793,16
4794,16
4795,16
4796,10
4797,16
4798,16
4799,16
4800,16
4801,16
4802,16
4803,9
4804,9
4805,9
4806,9
4807,9
4808,0
4809,0
4810,0
4811,0
4812,0
4813,0
4814,0
4815,0
4816,0
4817,0
4818,0
4819,0
4820,0
4821,0
4822,0
4823,0
4824,0
4825,0
4826,0
4827,10
4828,0
4829,0
4830,0
4831,0
4832,0
4833,0
4834,0
4835,0
4836,0
4837,0
4838,0
4839,0
4840,0
4841,0
4842,0
4843,0
4844,0
4845,0
4846,0
4847,0
4848,0
4849,0
4850,0
4851,0
4852,0
4853,0
4854,0
4855,0
4856,0
4857,0
4858,0
4859,0
4860,0
4861,0
4862,0
4863,0
4864,0
4865,0
4866,0
4867,0
4869,0
4870,0
4871,0
4872,0
4873,0
4874,0
4875,0
4876,0
4880,0
4881,0
4882,0
4885,0
4886,0
4888,0
4889,0
4890,0
4893,9
4894,6
4895,6
4896,6
4897,6
4898,6
4899,6
4900,6
4901,6
4902,6
4903,6
4904,6
4905,6
4906,6
4907,6
4908,6
4909,6
4910,6
4911,6
4912,6
4913,6
4914,6
4915,6
4916,6
4917,6
4918,6
4919,6
4920,6
4921,6
4922,6
4923,6
4924,6
4925,6
4926,6
4927,6
4928,6
4929,6
4930,6
4931,6
4932,6
4933,6
4934,6
4935,6
4936,6
4937,6
4938,6
4939,6
4940,6
4941,6
4942,6
4943,9
4944,9
4945,9
4946,9
4947,9
4948,9
4949,9
4950,9
4951,9
4952,9
4954,9
4957,9
4958,9
4959,9
4960,9
4961,9
4962,9
4963,9
4964,9
4967,6
4968,6
4969,6
4970,9
4971,9
4972,9
4973,9
4974,9
4976,9
4977,9
4979,9
4981,9
4982,9
4984,9
4985,9
4986,9
4987,9
4988,9
4989,9
4990,9
4991,9
4992,9
4993,9
4994,0
4995,9
4996,9
4997,6
4999,20
5000,20
5001,20
5002,20
5003,20
5004,20
5005,20
5006,20
5007,20
5008,20
5009,20
5011,20
5012,20
5013,20
5014,20
5015,20
5016,20
5017,20
5018,20
5019,20
5020,20
5021,20
5022,20
5023,20
5024,20
5025,20
5026,20
5027,20
5029,20
5030,20
5031,20
5032,20
5033,20
5036,20
5039,16
5040,16
5041,16
5042,16
5043,16
5044,0
5045,0
5047,0
5048,0
5049,0
5050,0
5054,16
5055,16
5056,16
5057,16
5058,16
5059,16
5060,16
5061,16
5062,16
5063,16
5064,16
5065,16
5066,16
5067,16
5071,16
5072,16
5073,16
5074,16
5075,16
5076,16
5077,16
5078,16
5079,16
5080,16
5082,16
5083,16
5085,16
5086,16
5088,16
5089,16
5090,16
5091,16
5092,16
5093,16
5094,16
5095,16
5098,16
5099,22
5100,22
5101,16
5102,16
5103,16
5104,16
5105,16
5106,22
5112,22
5113,16
5114,16
5115,16
5116,16
5117,16
5118,16
5119,22
5120,22
5121,22
5122,22
5123,22
5124,22
5125,22
5126,22
5127,22
5128,22
5129,22
5130,22
5131,22
5132,22
5133,22
5134,22
5135,22
5136,22
5137,22
5138,22
5139,22
5140,22
5141,22
5142,16
5143,16
5144,16
5145,22
5146,22
5147,22
5148,16
5150,22
5151,22
5152,22
5153,16
5154,16
5155,22
5156,22
5157,22
5158,22
5159,22
5160,22
5161,22
5162,22
5163,22
5164,22
5165,22
5166,15
5167,15
5168,15
5169,15
5170,16
5171,15
5172,15
5173,15
5174,15
5175,15
5176,15
5177,15
5178,22
5179,22
5180,20
5181,20
5182,20
5183,20
5184,20
5185,20
5186,20
5187,20
5188,20
5189,20
5190,20
5191,20
5192,20
5193,20
5194,20
5195,20
5196,20
5197,20
5198,20
5199,20
5201,20
5202,20
5203,20
5204,20
5205,20
5206,20
5207,20
5208,20
5209,20
5210,20
5211,20
5212,20
5213,20
5214,20
5215,20
5216,20
5217,20
5218,20
5219,20
5220,20
5221,20
5222,20
5223,20
5224,20
5225,15
5226,15
5227,15
5228,22
5229,22
5230,22
5231,22
5232,22
5233,22
5234,15
5235,15
5236,15
5237,15
5238,15
5239,15
5240,22
5241,15
5242,15
5243,22
5244,22
5245,15
5247,22
5249,22
5250,22
5251,22
5252,15
5253,15
5254,15
5255,15
5257,15
5258,15
5259,15
5260,15
5261,15
5262,15
5263,15
5264,15
5265,15
5267,15
5268,15
5269,15
5270,15
5271,15
5272,15
5273,15
5274,15
5275,15
5276,15
5277,15
5278,15
5280,15
5281,15
5283,15
5287,15
5288,15
5289,15
5291,15
5292,15
5293,15
5295,15
5296,15
5297,5
5298,15
5299,15
5300,15
5301,15
5302,15
5303,15
5305,5
5307,15
5308,5
5309,15
5310,5
5311,5
5312,5
5313,15
5314,15
5315,5
5316,5
5317,5
5318,5
5319,5
5320,5
5321,5
5322,5
5323,5
5324,5
5325,5
5326,5
5328,5
5329,5
5330,5
5331,5
5332,5
5335,5
5336,5
5337,5
5338,5
5339,5
5340,5
5341,5
5342,5
5343,5
5344,5
5345,5
5346,5
5347,5
5348,5
5349,5
5350,5
5351,5
5352,5
5353,5
5354,5
5355,5
5356,5
5357,5
5358,5
5359,5
5361,5
5362,5
5363,5
5364,0
5365,23
5366,23
5367,9
5368,9
5369,9
5370,9
5371,9
5372,10
5373,10
5375,3
5376,23
5377,23
5378,10
5379,11
5380,11
5381,11
5382,20
5383,16
5384,16
5385,15
5386,9
5388,2
5390,2
5391,11
5392,11
5393,11
5394,2
5395,2
5396,11
5397,11
5398,11
5399,11
5401,11
5402,11
5404,11
5405,11
5406,11
5408,11
5409,11
5411,11
5412,11
5413,11
5414,11
5415,11
5416,23
5417,23
5418,11
5419,11
5420,11
5422,11
5423,11
5424,11
5425,11
5426,11
5427,11
5428,11
5429,11
5432,11
5433,11
5434,11
5435,11
5436,11
5441,11
5442,11
5443,10
5444,10
5445,10
5446,10
5448,10
5451,23
5452,23
5453,23
5454,23
5455,3
5458,18
5459,18
5460,18
5461,10
5462,3
5463,3
5464,3
5465,10
5466,10
5467,10
5468,23
5469,23
5470,23
5474,9
5475,23
5478,23
5479,6
5480,6
5481,9
5482,9
5483,9
5484,9
5485,9
5486,9
5487,9
5490,9
5491,23
5492,23
5493,23
5494,23
5495,23
5496,23
5497,23
5498,9
5499,9
5501,9
5502,9
5503,9
5504,9
5505,9
5506,9
5507,9
5508,9
5509,0
5510,0
5511,0
5512,0
5514,0
5516,10
5517,10
5518,10
5521,6
5522,6
5523,6
5524,6
5525,6
5526,6
5527,6
5528,6
5529,6
5530,6
5531,6
5532,6
5533,6
5534,6
5535,6
5536,6
5537,6
5538,6
5541,6
5542,6
5543,6
5544,6
5545,6
5546,6
5547,6
5548,6
5549,6
5550,6
5551,6
5552,6
5555,9
5556,9
5557,9
5558,9
5560,9
5562,6
5563,6
5564,6
5565,6
5566,6
5568,6
5569,6
5570,6
5571,6
5572,6
5573,6
5574,6
5575,6
5576,6
5577,6
5578,6
5579,6
5580,6
5581,6
5582,6
5583,6
5584,6
5585,6
5586,6
5587,6
5588,6
5589,6
5590,9
5591,9
5592,9
5593,9
5594,9
5595,9
5596,9
5598,9
5599,9
5600,9
5601,9
5603,0
5604,0
5605,0
5606,0
5607,0
5608,0
5609,0
5610,0
5611,0
5612,0
5613,0
5614,0
5615,0
5616,16
5617,6
5618,6
5619,6
5620,6
5621,6
5622,20
5623,20
5624,20
5625,9
5626,20
5627,20
5628,20
5629,20
5631,16
5632,16
5633,16
5634,16
5637,22
5639,20
5640,20
5641,20
5642,20
5647,20
5648,20
5649,20
5650,20
5651,20
5652,20
5654,20
5655,20
5656,20
5657,20
5658,20
5659,20
5661,16
5662,16
5665,16
5666,16
5667,22
5668,22
5669,22
5670,22
5671,22
5672,22
5673,22
5674,22
5675,22
5676,22
5677,15
5678,15
5679,15
5680,22
5681,22
5682,22
5683,22
5684,15
5685,15
5686,15
5687,15
5688,15
5689,15
5690,5
5691,5
5692,15
5693,15
5694,15
5695,15
5696,15
5697,15
5698,5
5699,5
5700,5
5701,5
5702,5
5703,5
5704,15
5705,15
5706,15
5707,15
5710,15
5712,15
5713,15
5714,15
5715,15
5716,15
5718,5
5719,5
5720,14
5721,15
5723,5
5724,5
5725,5
5726,5
5727,5
5728,5
5729,5
5730,22
5732,22
5733,9
5734,15
5735,9
5736,9
5737,9
5738,9
5739,9
5740,9
5741,9
5742,0
5743,15
5744,2
5745,0
5746,11
5748,11
5749,16
5750,16
5754,10
5757,11
5758,9
5759,2
5760,0
5765,22
5766,0
5767,0
5768,20
5769,2
5770,2
5771,2
5772,2
5773,2
5774,2
5775,2
5776,2
5777,2
5778,2
5779,2
5780,2
5782,2
5783,2
5784,2
5785,2
5788,15
5789,10
5790,2
5791,9
5792,22
5793,11
5794,11
5795,10
5796,10
5797,10
5798,10
5799,11
5800,10
5801,10
5802,2
5803,2
5804,2
5805,2
5806,2
5807,2
5808,2
5809,2
5810,2
5811,2
5812,2
5813,2
5814,17
5815,24
5816,24
5817,24
5818,24
5819,24
5821,24
5822,24
5823,24
5824,24
5825,24
5826,24
5827,24
5840,24
5841,17
5842,24
5843,17
5844,24
5845,24
5846,5
5847,8
5848,19
5849,24
5850,17
5851,17
5852,24
5853,19
5855,1
5857,8
5858,19
5859,5
5860,5
5862,19
5863,19
5864,19
5865,19
5866,22
5867,14
5868,17
5869,17
5870,17
5871,17
5872,17
5873,17
5874,17
5875,17
5876,17
5877,19
5878,19
5879,22
5880,22
5881,1
5882,1
5883,1
5884,1
5885,1
5886,1
5888,17
5889,24
5891,1
5892,1
5894,1
5895,1
5896,13
5897,13
5898,13
5899,1
5900,1
5901,1
5902,1
5903,1
5904,1
5906,1
5907,1
5908,13
5909,13
5910,13
5911,13
5912,13
5913,13
5914,13
5915,13
5916,13
5917,13
5918,13
5919,13
5920,4
5921,4
5922,4
5923,21
5924,13
5925,13
5926,13
5927,13
5928,13
5929,13
5930,13
5931,13
5932,13
5933,13
5934,13
5935,13
5936,21
5937,21
5938,21
5939,21
5940,21
5941,21
5942,21
5943,21
5944,22
5945,22
5946,21
5947,21
5948,21
5949,21
5950,21
5951,14
5952,14
5953,14
5954,14
5955,14
5956,14
5957,14
5958,14
5959,7
5960,7
5961,7
5962,7
5964,7
5965,7
5966,7
5967,7
5968,7
5969,14
5970,15
5971,15
5972,15
5973,7
5974,7
5975,7
5976,7
5977,7
5978,7
5980,7
5981,7
5982,7
5983,7
5984,7
5985,7
5986,15
5987,15
5988,15
5989,15
5990,15
5991,7
5992,15
5993,14
5994,14
5995,21
5996,21
5997,13
5998,13
5999,13
6000,13
6002,24
6003,24
6004,19
6005,19
6007,17
6008,17
6009,17
6010,14
6011,19
6012,19
6013,17
6014,17
6015,17
6016,17
6017,17
6018,4
6019,4
6020,4
6021,4
6022,17
6023,17
6024,24
6026,1
6029,19
6030,17
6031,14
6033,22
6034,22
6035,17
6036,14
6037,14
6038,21
6039,21
6042,7
6043,7
6044,7
6045,19
6046,1
6047,1
6048,1
6049,1
6050,1
6051,1
6052,1
6053,1
6054,1
6055,1
6056,1
6057,1
6058,1
6059,1
6060,1
6061,1
6062,1
6063,1
6064,1
6065,1
6067,24
6068,24
6069,22
6070,22
6071,22
6072,22
6073,22
6074,22
6075,22
6076,22
6077,22
6078,5
6079,5
6080,22
6081,22
6082,22
6083,22
6084,22
6085,22
6086,22
6087,22
6088,22
6089,22
6090,22
6091,22
6092,22
6093,22
6094,22
6095,22
6096,22
6097,22
6098,22
6099,22
6100,22
6101,22
6102,22
6103,22
6104,22
6105,22
6106,22
6107,22
6108,22
6109,22
6110,22
6111,22
6112,22
6113,22
6114,22
6115,22
6116,22
6117,22
6118,22
6119,22
6120,22
6121,22
6122,22
6123,22
6124,22
6126,22
6127,5
6128,5
6129,5
6130,5
6131,5
6132,5
6133,5
6134,5
6136,22
6137,22
6138,22
6139,22
6140,22
6141,22
6142,22
6143,22
6144,22
6145,22
6147,22
6148,22
6149,22
6150,22
6151,22
6152,5
6153,5
6154,5
6155,5
6156,5
6157,5
6158,22
6159,22
6160,5
6161,5
6162,5
6163,5
6164,5
6165,5
6166,5
6167,5
6168,5
6170,5
6171,5
6172,5
6173,5
6174,5
6175,5
6176,5
6177,5
6178,5
6179,5
6180,15
6181,15
6182,15
6183,15
6184,15
6185,15
6186,15
6187,15
6188,7
6189,15
6190,7
6191,5
6193,5
6194,5
6195,5
6196,5
6197,5
6198,5
6199,5
6200,5
6201,7
6202,5
6203,5
6204,5
6205,5
6206,5
6207,5
6208,5
6209,5
6210,5
6211,5
6212,5
6213,5
6214,5
6215,5
6216,5
6217,5
6219,5
6220,5
6221,5
6222,5
6223,14
6224,14
6225,14
6226,14
6227,14
6228,14
6229,14
6230,14
6232,5
6233,14
6234,14
6235,14
6236,7
6237,7
6238,7
6239,7
6240,7
6241,7
6242,7
6243,7
6246,7
6247,7
6248,7
6249,7
6250,7
6251,7
6252,7
6253,7
6254,7
6255,7
6256,7
6257,7
6258,7
6259,7
6260,7
6261,7
6262,7
6263,7
6264,7
6265,7
6266,7
6267,7
6268,7
6269,7
6270,7
6271,7
6272,7
6273,7
6274,7
6275,7
6276,7
6277,7
6278,7
6279,7
6280,7
6281,7
6282,7
6283,7
6284,7
6285,7
6286,7
6287,7
6288,7
6289,7
6290,7
6291,7
6292,7
6293,7
6294,7
6295,7
6296,7
6297,7
6298,7
6299,7
6300,7
6301,7
6302,7
6303,7
6304,7
6305,7
6306,7
6307,7
6308,7
6309,7
6310,7
6311,7
6312,7
6313,7
6314,7
6315,7
6316,7
6317,7
6318,7
6319,7
6320,7
6321,7
6322,7
6323,7
6324,7
6325,7
6326,14
6327,14
6328,14
6329,14
6331,19
6332,19
6333,19
6334,19
6335,19
6336,19
6337,19
6338,19
6339,19
6340,19
6341,19
6342,19
6343,19
6344,19
6345,17
6346,17
6347,17
6348,17
6349,17
6350,17
6351,17
6352,17
6353,17
6354,17
6355,17
6356,17
6357,17
6358,17
6359,17
6360,17
6361,17
6362,17
6364,17
6366,17
6367,17
6368,24
6369,24
6372,17
6374,24
6375,17
6376,17
6377,17
6378,17
6380,17
6381,19
6384,19
6385,19
6387,24
6388,19
6389,19
6394,17
6395,17
6396,17
6397,17
6398,17
6399,19
6400,19
6401,19
6402,19
6403,19
6404,19
6405,19
6406,19
6407,19
6408,19
6409,19
6410,19
6411,19
6412,19
6413,19
6414,17
6415,17
6416,17
6417,17
6418,19
6419,19
6420,17
6421,17
6422,17
6423,19
6426,24
6427,24
6428,24
6429,24
6430,24
6432,24
6434,24
6435,24
6436,19
6437,19
6439,19
6440,17
6441,17
6442,24
6443,17
6444,17
6445,17
6447,17
6448,17
6449,17
6450,17
6452,17
6453,17
6459,17
6461,17
6462,17
6463,17
6464,17
6466,17
6468,17
6470,24
6471,17
6472,24
6473,24
6474,17
6475,17
6476,17
6477,17
6478,17
6479,17
6481,17
6482,17
6483,17
6484,17
6485,17
6486,17
6487,17
6488,17
6489,17
6490,17
6491,17
6492,17
6493,17
6494,17
6495,17
6496,17
6497,17
6498,17
6499,17
6500,17
6501,17
6502,17
6503,17
6504,17
6505,17
6506,17
6507,17
6508,17
6509,17
6510,17
6511,17
6512,17
6513,17
6514,17
6515,17
6516,17
6517,24
6518,17
6519,17
6520,17
6522,17
6523,17
6524,17
6525,17
6526,17
6527,17
6528,17
6529,17
6530,17
6531,17
6532,17
6533,17
6534,17
6535,17
6536,17
6538,17
6539,17
6540,17
6541,17
6542,17
6543,17
6544,17
6545,17
6546,17
6547,17
6548,17
6549,17
6550,17
6551,17
6552,17
6553,17
6554,17
6555,17
6556,17
6557,17
6558,17
6559,17
6560,17
6561,17
6562,17
6563,17
6564,17
6565,1
6566,1
6567,19
6568,7
6569,7
6570,7
6571,7
6572,14
6573,14
6574,14
6575,14
6576,14
6577,14
6578,14
6579,14
6580,14
6581,14
6582,14
6583,14
6585,14
6586,14
6587,14
6588,14
6589,14
6590,14
6591,14
6592,14
6593,14
6594,14
6595,14
6596,14
6597,14
6598,14
6599,14
6600,14
6601,14
6602,14
6603,14
6604,14
6605,14
6606,14
6607,14
6608,14
6609,14
6610,14
6611,7
6612,7
6613,7
6614,7
6616,14
6618,7
6619,7
6620,7
6621,14
6622,7
6623,7
6624,7
6625,7
6626,7
6627,7
6628,7
6629,7
6630,7
6631,7
6632,7
6633,7
6634,7
6635,7
6636,7
6637,7
6638,7
6639,7
6640,14
6641,7
6642,7
6643,14
6644,14
6645,14
6646,14
6647,7
6648,14
6649,7
6650,14
6651,1
6652,1
6653,17
6654,17
6655,17
6656,17
6657,17
6658,17
6659,17
6660,17
6661,17
6662,17
6663,17
6664,17
6665,17
6666,24
6667,24
6668,24
6669,24
6670,24
6671,24
6672,24
6673,24
6674,24
6675,24
6676,24
6677,24
6678,17
6679,24
6680,24
6681,24
6682,24
6683,24
6684,24
6685,24
6686,24
6687,24
6690,24
6691,24
6692,24
6694,24
6695,24
6696,24
6697,24
6698,24
6699,24
6700,24
6701,24
6702,24
6703,24
6704,24
6705,24
6708,24
6710,24
6711,24
6712,24
6713,24
6714,24
6715,24
6716,24
6717,24
6718,24
6719,19
6720,19
6721,19
6722,19
6723,19
6724,19
6725,19
6726,19
6728,19
6729,19
6730,19
6732,19
6733,19
6734,19
6735,19
6736,19
6737,19
6738,19
6739,19
6740,19
6741,19
6742,19
6743,19
6744,19
6745,19
6746,19
6747,19
6749,19
6750,19
6751,19
6752,19
6753,19
6754,19
6755,19
6756,19
6757,19
6758,19
6759,19
6760,19
6761,19
6762,19
6763,1
6764,17
6765,1
6766,1
6767,1
6768,1
6769,4
6770,4
6771,1
6772,1
6773,1
6774,1
6775,1
6776,1
6777,1
6778,1
6779,1
6780,1
6781,1
6782,1
6783,1
6784,1
6785,1
6786,4
6787,4
6788,1
6789,1
6790,1
6791,1
6792,4
6793,4
6794,1
6795,1
6796,4
6797,4
6798,4
6799,4
6800,4
6801,4
6802,4
6803,4
6804,4
6806,4
6807,4
6808,4
6809,4
6810,4
6811,4
6812,4
6813,4
6814,4
6815,4
6816,4
6817,4
6818,4
6819,4
6820,4
6821,4
6822,4
6823,4
6824,4
6825,4
6826,4
6827,4
6828,4
6829,4
6830,4
6831,4
6832,4
6833,4
6834,4
6835,4
6836,4
6837,4
6838,4
6839,4
6840,4
6841,4
6842,4
6843,4
6844,4
6845,4
6846,4
6847,4
6848,4
6849,4
6850,4
6851,4
6852,4
6853,4
6854,4
6855,4
6856,4
6857,4
6858,4
6859,4
6860,4
6861,4
6862,4
6863,4
6864,4
6865,4
6866,4
6867,4
6868,4
6869,4
6870,4
6871,4
6872,4
6873,4
6874,4
6875,4
6876,4
6877,4
6878,4
6879,4
6880,4
6881,4
6882,4
6883,4
6884,4
6885,4
6886,4
6887,4
6888,4
6889,4
6890,4
6891,4
6892,4
6893,13
6894,4
6895,4
6896,4
6897,4
6898,4
6899,4
6900,4
6901,4
6902,4
6903,4
6904,4
6905,4
6906,4
6907,4
6908,4
6909,4
6910,4
6911,4
6912,4
6913,4
6914,4
6915,4
6916,4
6917,4
6918,4
6919,4
6920,4
6921,4
6922,4
6923,4
6924,4
6925,4
6926,4
6927,4
6928,4
6929,4
6930,4
6931,4
6932,4
6933,4
6934,4
6935,4
6936,4
6937,4
6938,4
6939,4
6940,4
6941,4
6942,4
6945,4
6946,4
6947,4
6948,4
6949,4
6950,4
6951,4
6952,4
6953,4
6954,4
6955,4
6956,4
6957,4
6958,4
6959,4
6960,24
6961,24
6962,24
6963,24
6964,24
6965,24
6966,24
6967,24
6968,24
6969,24
6970,24
6971,4
6972,4
6973,24
6974,4
6975,4
6976,4
6977,4
6978,4
6979,4
6980,4
6981,4
6982,4
6983,4
6984,4
6985,17
6986,17
6987,1
6988,1
6989,17
6990,17
6991,1
6992,1
6993,1
6994,17
6995,17
6996,1
6997,1
6998,1
6999,1
7000,1
7001,1
7002,1
7003,1
7004,1
7005,1
7006,1
7007,1
7008,1
7009,1
7010,1
7011,1
7012,1
7013,1
7014,1
7015,1
7016,1
7017,1
7018,1
7019,1
7020,1
7021,1
7022,1
7023,1
7024,1
7025,1
7026,1
7027,1
7028,1
7029,1
7030,1
7031,1
7032,1
7033,1
7034,1
7035,1
7036,1
7037,1
7038,1
7039,1
7040,1
7041,1
7042,1
7043,1
7044,1
7045,1
7046,1
7047,1
7048,1
7049,1
7050,1
7051,1
7052,1
7053,1
7054,1
7055,1
7056,1
7057,1
7058,1
7059,1
7060,1
7061,1
7062,1
7063,1
7064,1
7065,1
7066,1
7067,1
7068,1
7069,1
7070,1
7071,13
7072,13
7073,13
7074,4
7075,1
7076,13
7077,13
7078,13
7079,13
7080,13
7081,13
7082,13
7083,1
7084,1
7085,1
7086,13
7087,13
7088,13
7089,13
7090,13
7091,13
7092,13
7093,13
7094,13
7095,13
7096,13
7097,13
7098,13
7099,13
7100,13
7101,13
7102,13
7103,13
7104,13
7105,13
7106,4
7107,4
7108,4
7109,1
7110,1
7111,13
7112,13
7113,4
7114,1
7115,1
7116,4
7117,1
7118,13
7119,1
7120,1
7121,1
7122,1
7123,1
7124,1
7125,1
7126,1
7127,1
7128,1
7129,1
7130,1
7131,13
7132,1
7133,1
7134,1
7135,1
7136,1
7137,1
7138,1
7139,1
7140,1
7141,13
7142,1
7143,1
7144,1
7145,1
7146,1
7147,1
7151,1
7152,13
7153,13
7154,13
7155,13
7156,13
7157,13
7158,13
7159,13
7160,13
7161,13
7162,13
7163,13
7164,13
7165,13
7166,13
7167,1
7168,13
7169,13
7170,13
7171,13
7172,13
7173,13
7174,13
7175,13
7176,13
7177,13
7178,13
7179,13
7180,13
7181,13
7182,13
7183,13
7184,13
7185,13
7186,13
7187,13
7188,13
7189,13
7190,13
7191,13
7192,13
7193,13
7194,13
7195,13
7196,1
7197,1
7198,1
7199,1
7200,1
7201,1
7202,1
7203,1
7204,1
7205,1
7206,1
7207,1
7208,1
7209,1
7210,1
7211,1
7212,1
7213,1
7214,1
7215,1
7216,1
7217,14
7218,14
7219,14
7220,14
7221,1
7222,14
7224,14
7225,14
7226,14
7227,14
7228,14
7229,14
7230,14
7231,1
7232,1
7233,1
7234,1
7235,1
7236,1
7237,1
7238,1
7239,1
7240,1
7241,1
7242,1
7243,1
7244,1
7245,1
7246,1
7247,1
7248,1
7249,1
7250,1
7251,1
7252,1
7253,1
7254,1
7255,14
7256,14
7257,14
7258,14
7259,14
7260,14
7261,14
7262,14
7263,13
7264,13
7265,1
7266,14
7267,14
7268,14
7269,14
7271,14
7272,14
7273,14
7274,14
7275,7
7276,14
7277,14
7278,14
7279,14
7280,14
7281,14
7282,14
7283,14
7284,14
7285,14
7286,14
7287,14
7288,14
7289,14
7290,14
7291,14
7292,14
7293,14
7294,14
7295,14
7296,14
7297,14
7298,14
7299,14
7300,14
7301,14
7302,14
7303,14
7304,14
7305,14
7306,14
7307,14
7308,14
7309,14
7310,7
7311,7
7312,14
7313,14
7314,14
7315,14
7316,14
7317,14
7318,14
7319,14
7320,14
7321,14
7322,14
7323,14
7324,14
7325,14
7326,14
7327,14
7328,14
7329,14
7330,14
7331,14
7332,14
7333,14
7334,14
7335,14
7336,14
7337,14
7338,14
7339,14
7340,14
7341,14
7342,14
7343,14
7344,14
7345,14
7346,14
7347,14
7348,14
7349,14
7350,14
7351,14
7352,14
7353,14
7354,14
7355,13
7356,13
7357,13
7358,13
7359,1
7360,1
7361,1
7362,1
7363,1
7364,14
7365,14
7366,14
7367,14
7368,14
7369,14
7370,13
7371,13
7372,13
7373,13
7374,13
7375,13
7376,13
7377,13
7378,13
7379,14
7380,13
7381,14
7382,13
7383,13
7384,13
7385,13
7386,13
7387,13
7388,13
7389,13
7390,13
7391,13
7392,13
7393,13
7394,13
7395,13
7396,13
7397,13
7398,13
7399,13
7400,13
7401,13
7402,13
7403,13
7404,13
7405,13
7406,13
7407,13
7408,13
7409,13
7410,13
7411,13
7412,13
7413,13
7414,13
7415,13
7416,13
7417,13
7418,13
7419,13
7420,13
7421,13
7422,13
7423,13
7424,13
7425,13
7426,13
7427,13
7428,13
7429,13
7430,13
7431,13
7432,21
7433,21
7434,21
7435,13
7436,13
7437,21
7438,21
7439,21
7440,21
7441,21
7442,21
7443,21
7444,13
7445,21
7446,21
7447,21
7448,21
7449,21
7450,13
7451,21
7452,21
7453,21
7454,13
7455,21
7456,21
7457,13
7458,13
7459,21
7460,21
7461,21
7462,21
7463,21
7464,21
7465,21
7466,21
7467,21
7468,21
7469,21
7470,21
7471,21
7472,13
7473,13
7474,13
7475,13
7476,13
7477,13
7478,13
7479,13
7480,13
7481,13
7482,13
7483,13
7484,13
7485,13
7486,13
7487,13
7488,13
7489,13
7490,13
7491,13
7492,13
7493,13
7494,4
7495,13
7496,13
7497,13
7498,13
7499,13
7500,13
7501,13
7502,13
7503,13
7504,7
7505,21
7506,21
7507,21
7508,21
7509,7
7510,7
7511,7
7512,7
7513,7
7514,7
7515,7
7516,7
7517,7
7518,7
7519,7
7520,7
7521,7
7522,7
7523,7
7524,7
7525,7
7526,7
7527,7
7528,7
7529,7
7530,7
7531,7
7532,7
7533,7
7534,7
7535,7
7536,7
7537,7
7538,7
7539,7
7540,7
7542,21
7543,21
7544,21
7545,21
7546,21
7547,21
7548,21
7549,21
7550,21
7551,21
7552,21
7553,21
7554,21
7555,21
7556,21
7557,21
7558,21
7559,21
7560,21
7561,21
7562,21
7563,21
7564,21
7565,21
7566,21
7567,21
7568,21
7569,21
7570,21
7571,21
7572,21
7573,21
7574,21
7575,21
7576,21
7577,21
7578,21
7579,21
7580,21
7581,21
7582,21
7583,21
7584,21
7585,21
7586,21
7587,21
7588,21
7589,21
7590,21
7591,21
7592,21
7593,21
7594,21
7595,21
7596,21
7597,21
7598,21
7599,21
7600,21
7601,21
7602,21
7603,21
7604,21
7605,21
7606,21
7607,21
7608,21
7609,21
7610,21
7611,21
7612,21
7613,21
7614,21
7615,21
7616,21
7617,21
7618,21
7619,21
7620,21
7621,21
7622,21
7623,21
7624,21
7625,21
7626,21
7627,21
7628,7
7629,21
7630,21
7631,21
7632,21
7633,21
7634,21
7635,21
7636,21
7637,21
7638,21
7639,21
7640,21
7641,21
7642,21
7643,21
7644,21
7645,21
7646,21
7647,21
7648,21
7649,21
7650,21
7651,21
7652,21
7653,21
7654,21
7655,21
7656,21
7657,21
7658,21
7659,21
7660,21
7661,21
7662,21
7663,21
7664,21
7665,21
7666,21
7667,21
7668,21
7669,21
7671,21
7672,21
7673,21
7674,21
7675,21
7676,21
7677,21
7678,21
7679,21
7680,21
7681,21
7682,21
7683,21
7684,21
7685,21
7686,21
7687,21
7688,21
7689,21
7690,7
7691,21
7692,7
7693,7
7694,7
7695,22
7696,22
7697,22
7698,22
7699,5
7700,5
7701,5
7702,5
7703,5
7704,5
7705,5
7706,5
7707,5
7708,14
7709,14
7710,5
7712,14
7713,19
7714,19
7715,19
7716,19
7717,15
7718,15
7721,7
7722,7
7723,14
7724,14
7725,19
7726,19
7727,19
7728,19
7729,19
7730,19
7731,19
7732,19
7733,19
7734,15
7735,15
7736,15
7737,15
7738,15
7739,15
7740,7
7745,7
7746,7
7747,7
7748,7
7749,7
7750,7
7751,7
7752,7
7753,7
7754,7
7755,7
7756,7
7757,7
7758,7
7759,7
7760,7
7761,7
7762,14
7763,14
7764,14
7765,14
7766,14
7767,14
7768,14
7769,14
7770,14
7771,7
7772,7
7773,13
7774,13
7775,13
7776,13
7777,17
7778,17
7779,17
7780,17
7781,1
7782,1
7783,17
7784,17
7785,1
7786,1
7787,17
7788,17
7789,17
7790,17
7791,17
7792,17
7793,17
7794,17
7795,17
7796,17
7797,19
7798,19
7799,19
7801,21
7802,21
7803,21
7804,21
7805,21
7806,21
7807,21
7808,13
7809,13
7810,21
7811,21
7812,21
7813,21
7814,21
7815,21
7816,13
7817,13
7818,13
7819,13
7820,13
7821,13
7822,13
7823,13
7824,13
7825,13
7826,13
7827,13
7828,13
7829,21
7830,13
7831,21
7832,21
7833,21
7834,21
7835,1
7836,1
7837,1
7838,1
7839,21
7840,21
7841,21
7842,21
7843,21
7844,17
7845,17
7846,1
7847,4
7848,4
7849,1
7850,1
7851,17
7852,4
7853,24
7854,24
7856,24
7858,4
7859,4
7860,4
7861,4
7862,24
7863,24
7864,24
7866,24
7867,24
7869,24
7872,24
7875,24
7876,24
7877,24
7878,24
7880,24
7885,19
7886,19
7887,19
7888,19
7890,19
7891,19
7893,8
7894,19
7895,8
7896,5
7897,5
7898,19
7899,22
7901,19
7902,19
7903,19
7904,19
7905,19
7906,19
7907,24
7908,24
7909,24
7910,24
7911,19
7912,19
7914,14
7915,8
7916,8
7917,8
7918,8
7919,24
7921,19
7922,19
7924,19
7925,19
7926,19
7927,19
7928,21
7930,17
7931,7
7932,24
7933,4
7934,21
7935,14
7936,14
7937,14
7938,14
7939,14
7940,22
7941,22
7942,22
7943,22
7944,22
7947,17
7948,5
7949,5
7950,24
7951,24
7952,24
7953,24
7954,24
7955,22
7956,22
7957,4
7958,4
7959,4
7960,4
7962,17
7963,21
7964,21
7965,24
7966,24
7967,24
7968,24
7969,17
7970,4
7971,7
7972,17
7973,17
7974,24
7975,24
7976,4
7977,4
7978,4
7979,4
7980,4
7981,8
7982,8
7983,24
7986,4
7987,4
7988,4
7989,13
7990,13
7991,13
7992,13
7993,13
7994,13
7995,13
7997,24
7999,19
8001,19
8002,19
8003,19
8004,19
8005,19
8006,19
8007,19
8010,5
8012,24
8013,24
8014,8
8015,19
8016,19
8017,19
8018,14
8019,14
8020,14
8021,1
8022,8
8024,19
8025,19
8028,1
8029,1
8030,1
8031,1
8032,1
8033,1
8034,1
8035,1
8036,1
8037,1
8038,8
8039,8
8040,24
8041,24
8042,12
8043,12
8044,12
8045,12
8046,12
8047,12
8049,12
8050,12
8051,12
8053,12
8054,12
8055,12
8057,12
8059,12
8060,12
8061,12
8062,12
8063,12
8066,24
8067,24
8068,24
8070,12
8072,24
8073,24
8074,24
8075,24
8076,24
8077,24
8078,24
8079,24
8080,12
8081,12
8082,24
8083,24
8084,24
8085,24
8086,24
8088,24
8089,24
8090,24
8094,12
8095,12
8096,12
8097,12
8098,12
8099,12
8101,12
8102,12
8103,12
8104,12
8105,12
8106,12
8107,24
8108,8
8109,24
8110,24
8111,24
8112,24
8113,24
8114,24
8115,24
8116,24
8117,24
8118,24
8119,24
8120,24
8121,24
8122,24
8123,24
8124,24
8125,24
8126,24
8127,24
8128,24
8129,24
8130,24
8131,24
8132,24
8133,24
8134,24
8135,24
8136,24
8138,24
8139,12
8140,24
8141,24
8142,24
8143,12
8144,24
8145,24
8146,12
8149,12
8150,12
8151,12
8152,8
8153,8
8154,12
8155,12
8156,12
8157,12
8158,12
8159,12
8160,12
8161,12
8162,12
8163,12
8164,12
8165,12
8166,12
8167,12
8168,12
8169,12
8170,12
8171,12
8172,12
8173,12
8174,12
8175,12
8176,12
8177,12
8178,12
8179,12
8180,12
8183,12
8184,12
8185,12
8186,12
8187,12
8188,12
8189,12
8190,12
8191,12
8192,12
8193,12
8194,12
8195,12
8196,12
8197,12
8198,12
8200,12
8201,12
8202,12
8203,12
8204,12
8205,12
8206,12
8207,12
8208,12
8209,12
8210,12
8211,12
8213,12
8215,12
8216,12
8218,12
8219,12
8220,12
8221,12
8222,12
8223,12
8224,12
8225,12
8226,12
8227,12
8229,12
8230,12
8231,12
8232,12
8233,12
8234,12
8235,12
8236,12
8237,12
8238,12
8239,12
8240,12
8241,12
8242,12
8243,12
8244,12
8245,12
8246,12
8247,12
8248,12
8249,12
8250,12
8251,12
8254,12
8255,12
8256,12
8257,12
8259,12
8260,12
8261,12
8262,12
8263,12
8264,12
8265,12
8266,12
8267,12
8268,12
8269,12
8270,12
8271,12
8272,12
8273,12
8274,12
8275,12
8276,12
8277,12
8278,12
8279,12
8280,12
8281,12
8282,12
8283,12
8284,12
8285,12
8286,12
8287,12
8288,12
8290,12
8291,12
8292,24
8293,24
8294,24
8295,24
8296,24
8297,24
8298,12
8300,12
8301,12
8302,12
8303,12
8304,12
8305,12
8306,12
8307,12
8308,12
8309,12
8310,12
8311,12
8312,12
8313,12
8314,12
8315,12
8316,12
8317,12
8318,12
8321,12
8322,12
8323,12
8324,12
8325,12
8326,12
8327,12
8328,8
8330,12
8331,12
8332,24
8333,12
8334,12
8335,24
8336,24
8340,2
8341,2
8342,2
8343,2
8347,3
8349,10
8350,3
8351,3
8353,18
8354,18
8355,18
8356,10
8357,18
8358,10
8359,10
8360,10
8361,10
8362,10
8363,10
8364,18
8365,18
8366,18
8367,18
8368,18
8369,18
8370,18
8371,18
8372,18
8373,18
8374,18
8375,3
8376,3
8377,3
8378,3
8380,3
8381,3
8382,18
8383,18
8384,3
8385,10
8386,10
8387,3
8388,10
8389,10
8390,10
8391,10
8393,3
8394,3
8398,10
8399,10
8400,18
8401,18
8402,18
8403,3
8404,10
8405,10
8406,18
8408,3
8410,10
8412,18
8413,18
8414,18
8415,18
8416,18
8417,18
8418,3
8419,3
8420,3
8421,3
8422,3
8423,3
8424,3
8425,3
8426,3
8427,3
8428,3
8429,3
8430,3
8431,3
8432,3
8433,3
8434,3
8435,3
8436,3
8437,18
8438,18
8439,18
8440,18
8441,3
8442,18
8443,18
8444,3
8445,18
8447,18
8448,18
8449,18
8450,18
8451,3
8452,3
8453,18
8454,18
8455,18
8456,18
8457,18
8458,18
8459,18
8460,18
8461,18
8462,18
8463,18
8464,18
8465,18
8466,18
8467,18
8468,18
8469,18
8470,18
8471,18
8472,18
8473,18
8474,18
8475,18
8476,18
8477,18
8478,18
8479,18
8480,18
8481,18
8482,18
8483,18
8484,18
8485,18
8486,18
8487,18
8488,18
8489,18
8490,18
8491,3
8492,18
8493,18
8494,18
8495,18
8496,3
8497,18
8498,18
8499,18
8500,18
8501,18
8502,18
8503,18
8504,18
8505,3
8506,18
8507,18
8508,18
8509,18
8510,18
8511,3
8512,18
8513,18
8514,3
8515,3
8516,3
8517,3
8518,3
8519,3
8520,3
8521,18
8522,18
8523,18
8524,18
8525,18
8526,3
8527,3
8528,18
8529,3
8530,3
8531,3
8532,3
8534,3
8535,3
8536,3
8537,3
8538,3
8539,3
8540,3
8541,3
8542,3
8543,3
8544,3
8545,3
8546,3
8547,3
8548,3
8549,3
8550,3
8551,3
8552,3
8553,3
8554,3
8555,3
8556,3
8557,3
8558,3
8559,3
8560,3
8561,3
8562,18
8563,10
8564,10
8565,3
8566,10
8567,0
8568,3
8569,3
8570,3
8571,3
8572,0
8573,0
8574,0
8575,3
8576,3
8578,3
8579,3
8580,3
8581,3
8582,3
8583,3
8584,3
8585,3
8586,3
8588,3
8589,3
8590,3
8591,3
8592,3
8593,3
8594,3
8595,3
8596,3
8597,3
8598,3
8599,3
8601,3
8602,3
8603,3
8604,3
8605,3
8606,3
8607,3
8608,3
8610,3
8611,3
8612,3
8614,3
8615,3
8616,3
8617,3
8618,3
8619,3
8620,3
8621,3
8622,3
8623,3
8624,3
8625,3
8626,3
8627,3
8628,3
8629,3
8630,3
8631,3
8632,3
8633,18
8634,10
8635,10
8636,10
8638,10
8639,10
8640,10
8641,10
8643,18
8644,18
8645,18
8646,10
8647,10
8648,10
8649,18
8650,10
8651,10
8652,10
8653,10
8654,18
8655,18
8656,18
8658,18
8659,18
8660,18
8661,18
8662,18
8663,18
8664,10
8665,18
8666,18
8667,18
8668,18
8669,18
8670,18
8671,18
8672,18
8673,18
8674,18
8675,18
8676,18
8677,18
8678,18
8679,18
8680,18
8681,18
8682,18
8683,18
8684,18
8685,18
8686,18
8687,18
8688,18
8689,18
8690,18
8691,18
8692,18
8693,18
8694,18
8695,10
8696,10
8697,10
8698,18
8699,18
8700,18
8701,18
8702,18
8703,18
8704,18
8705,18
8706,18
8707,18
8708,18
8709,18
8710,18
8711,18
8712,18
8713,18
8714,18
8715,18
8716,18
8717,18
8718,18
8719,18
8720,18
8721,18
8722,18
8723,18
8724,18
8725,18
8727,18
8728,18
8729,18
8730,18
8731,18
8732,18
8733,18
8734,18
8735,18
8736,18
8737,18
8738,18
8740,10
8741,3
8743,3
8744,10
8745,10
8746,3
8747,18
8748,3
8749,3
8750,3
8751,3
8752,3
8753,18
8754,18
8755,3
8757,18
8759,3
8760,3
8761,3
8763,3
8764,10
8765,18
8766,3
8767,3
8768,3
8769,3
8770,3
8771,3
8772,18
8773,18
8774,3
8775,3
8776,3
8777,3
8778,3
8780,18
8782,3
8783,3
8784,3
8785,3
8787,3
8788,3
8789,3
8790,3
8791,3
8792,3
8793,18
8794,18
8795,3
8796,3
8797,18
8798,18
8799,18
8804,18
8805,18
8806,2
8812,2
8813,2
8814,2
8815,9
8816,9
8820,16
8821,16
8822,16
8823,16
8824,16
8825,0
8826,16
8827,16
8828,16
8829,16
8830,0
8831,16
8832,16
8833,16
8834,16
8835,16
8836,16
8837,16
8838,16
8841,16
8842,16
8843,16
8844,16
8845,16
8846,16
8847,16
8848,16
8849,16
8850,16
8851,16
8852,16
8854,16
8855,16
8856,16
8857,16
8858,16
8859,16
8860,16
8861,16
8862,16
8863,16
8864,16
8865,16
8867,16
8868,16
8869,16
8870,16
8871,16
8873,16
8874,16
8875,16
8876,16
8877,16
8878,16
8879,16
8880,16
8881,16
8882,16
8883,16
8884,0
8885,0
8886,16
8887,9
8889,13
8890,13
8891,13
8892,13
8893,13
8894,13
8895,13
8897,13
8898,13
8899,13
8900,13
8901,8
8902,3
8903,2
8904,18
8905,18
8906,18
8907,18
8908,18
8909,18
8910,10
8911,10
8912,18
8913,9
8914,9
8915,18
8916,23
8917,23
8918,11
8919,9
8920,9
8921,2
8922,8
8923,3
8924,3
8925,9
8926,8
8927,18
8928,2
8929,2
8930,11
8931,11
8932,9
8934,2
8935,2
8936,2
8938,9
8939,2
8940,9
8941,8
8942,8
8943,8
8944,8
8945,2
8946,2
8947,2
8948,2
8949,2
8950,8
8952,8
8954,12
8956,0
8968,24
8969,22
8970,22
8971,13
8972,1
8973,8
8974,12
8975,13
8976,13
8977,5
8978,5
8979,22
8980,22
8981,4
8982,4
8983,16
8984,16
8985,9
8986,9
8987,9
8988,15
8989,15
8990,15
8991,15
8992,6
8993,6
8994,14
8995,14
8996,19
8997,19
8998,2
8999,2
9000,2
9001,2
9002,3
9003,3
9004,2
9005,2
9006,3
9007,3
9008,4
9009,4
9010,12
9011,12
9012,12
9013,19
9014,19
9015,19
9016,13
9017,13
9018,10
9019,10
9020,18
9021,18
9022,18
9023,8
9024,8
9025,21
9026,21
9027,17
9028,17
9029,7
9030,7
9031,9
9032,9
9033,23
9034,23
9035,23
9036,23
9037,23
9038,6
9039,6
9040,19
9041,19
9042,15
9043,15
9044,7
9045,7
9046,7
9047,10
9048,10
9049,20
9050,20
9051,17
9052,17
9053,15
9054,15
9055,24
9056,24
9057,8
9058,8
9059,23
9060,23
9061,15
9062,15
9063,21
9064,21
9065,24
9066,24
9067,24
9068,24
9069,5
9070,5
9071,16
9072,16
9073,3
9074,3
9075,6
9076,6
9077,15
9078,15
9079,21
9080,21
9081,3
9082,3
9083,20
9084,20
9085,24
9086,24
9087,17
9088,17
9089,16
9090,16
9091,20
9092,20
9093,0
9094,0
9095,15
9096,15
9097,2
9098,2
9099,21
9100,21
9101,3
9102,3
9103,8
9104,8
9105,8
9106,0
9107,0
9108,5
9109,5
9110,0
9111,0
9112,17
9113,17
9114,12
9115,12
9116,8
9117,8
9118,24
9119,24
9120,12
9121,12
9122,19
9123,19
9124,19
9125,21
9126,21
9127,21
9128,6
9129,6
9130,10
9131,10
9132,24
9133,24
9134,24
9135,19
9136,19
9137,17
9138,17
9139,17
9140,9
9141,9
9142,6
9143,6
9144,15
9145,15
9146,12
9147,12
9148,9
9149,9
9150,8
9151,8
9152,24
9153,24
9154,24
9155,22
9156,22
9157,13
9158,13
9159,24
9160,24
9161,23
9162,23
9163,16
9164,16
9165,24
9166,24
9167,24
9168,24
9169,3
9170,3
9171,13
9172,13
9173,6
9174,6
9175,6
9176,6
9177,0
9178,0
9179,3
9180,3
9181,3
9182,17
9183,17
9184,18
9185,18
9186,10
9187,10
9188,10
9189,10
9190,10
9191,9
9192,9
9193,9
9194,3
9195,3
9196,22
9197,22
9198,14
9199,14
9200,11
9201,11
9202,0
9203,0
9204,8
9205,8
9206,24
9207,24
9208,14
9209,14
9210,11
9211,11
9212,23
9213,23
9214,6
9215,6
9216,6
9217,6
9218,4
9219,4
9220,13
9221,13
9222,4
9223,4
9224,10
9225,10
9226,0
9227,0
9228,19
9229,19
9230,19
9231,19
9232,15
9233,15
9234,3
9235,3
9236,7
9237,7
9238,12
9239,12
9240,8
9241,8
9242,5
9243,5
9244,23
9245,23
9246,0
9247,0
9248,20
9249,20
9250,19
9251,19
9252,2
9253,2
9254,24
9255,24
9256,14
9257,14
9258,14
9259,2
9260,2
9261,17
9262,17
9263,19
9264,19
9265,16
9266,16
9267,4
9268,4
9269,20
9270,20
9271,19
9272,19
9273,0
9274,0
9275,8
9276,8
9277,8
9278,8
9279,15
9280,15
9281,15
9282,16
9283,16
9284,5
9285,5
9286,24
9287,24
9288,24
9289,20
9290,20
9291,12
9292,12
9293,21
9294,21
9295,12
9296,12
9297,16
9298,16
9299,14
9300,14
9301,14
9302,7
9303,7
9304,6
9305,6
9306,14
9307,14
9308,6
9309,6
9312,9
9313,9
9314,9
9315,9
9316,1
9317,1
9318,16
9319,16
9320,17
9321,17
9322,17
9323,17
9324,23
9325,23
9326,20
9327,20
9328,20
9329,20
9330,14
9331,14
9332,14
9333,6
9334,6
9335,10
9336,10
9337,13
9338,13
9339,1
9340,1
9341,24
9342,24
9343,23
9344,23
9345,1
9346,1
9347,2
9348,2
9349,24
9350,24
9351,10
9352,10
9353,12
9354,12
9355,0
9356,0
9357,2
9358,2
9359,12
9360,12
9361,19
9362,19
9363,6
9364,6
9365,7
9366,7
9367,23
9368,23
9369,23
9370,23
9371,23
9372,12
9373,12
9374,14
9375,14
9376,4
9377,4
9378,11
9379,11
9380,24
9381,24
9382,24
9383,24
9384,10
9385,10
9386,8
9387,8
9390,9
9391,9
9392,11
9393,11
9394,19
9395,19
9396,8
9397,8
9398,12
9399,12
9400,8
9401,8
9402,23
9403,23
9404,10
9405,10
9406,17
9407,17
9408,18
9409,18
9410,20
9411,20
9412,0
9413,0
9414,17
9415,17
9416,9
9417,9
9418,19
9419,19
9420,21
9421,21
9422,2
9423,2
9424,2
9425,10
9426,10
9427,17
9428,17
9429,22
9430,22
9431,4
9432,4
9433,2
9434,2
9435,9
9436,9
9437,6
9438,6
9439,17
9440,17
9441,17
9442,6
9443,6
9444,3
9445,3
9446,8
9447,8
9448,16
9449,16
9450,23
9451,23
9452,21
9453,21
9454,12
9455,12
9456,19
9457,19
9458,23
9459,23
9460,13
9461,13
9462,2
9463,2
9464,17
9465,17
9466,17
9467,16
9468,16
9469,9
9470,9
9471,4
9472,4
9473,13
9474,13
9475,21
9476,21
9477,12
9478,12
9479,15
9480,15
9481,1
9482,1
9483,1
9484,16
9485,16
9486,1
9487,1
9488,3
9489,3
9490,3
9491,19
9492,19
9493,24
9494,24
9495,10
9496,10
9497,2
9498,2
9499,8
9500,8
9501,21
9502,21
9503,3
9504,3
9505,9
9506,9
9507,8
9508,8
9509,10
9510,10
9511,2
9512,2
9513,19
9514,19
9515,5
9516,5
9517,5
9518,0
9519,0
9520,23
9521,23
9522,6
9523,6
9524,19
9525,19
9526,2
9527,2
9528,24
9529,24
9530,3
9531,3
9532,3
9533,3
9534,2
9535,2
9536,19
9537,19
9538,19
9539,20
9540,20
9541,7
9542,7
9543,8
9544,8
9545,1
9546,1
9547,20
9548,20
9549,22
9550,22
9551,24
9552,24
9553,20
9554,20
9555,4
9556,4
9557,12
9558,12
9559,12
9560,19
9561,19
9562,2
9563,2
9564,2
9565,4
9566,4
9567,17
9568,17
9569,12
9570,12
9571,18
9572,18
9573,10
9574,10
9575,8
9576,8
9577,1
9578,1
9579,24
9580,24
9581,8
9582,8
9583,14
9584,14
9585,14
9586,8
9587,8
9588,22
9589,22
9590,6
9591,6
9592,8
9593,8
9594,18
9595,18
9596,15
9597,15
9598,19
9599,19
9600,6
9601,6
9602,5
9603,5
9604,24
9605,24
9606,12
9607,12
9608,8
9609,8
9610,20
9611,20
9612,20
9613,18
9614,18
9617,7
9618,7
9619,20
9620,20
9621,17
9622,17
9623,17
9624,2
9625,2
9626,9
9627,9
9628,15
9629,15
9630,15
9631,15
9632,22
9633,22
9634,3
9635,3
9636,2
9637,2
9638,9
9639,9
9640,0
9641,0
9642,18
9643,18
9644,20
9645,20
9646,7
9647,7
9648,7
9649,7
9652,16
9653,16
9654,16
9655,16
9656,16
9657,8
9658,8
9659,24
9660,24
9661,5
9662,5
9663,22
9664,22
9665,8
9666,8
9667,8
9668,8
9669,20
9670,20
9671,24
9672,24
9673,14
9674,14
9675,19
9676,19
9679,24
9680,24
9681,24
9682,2
9683,2
9684,6
9685,6
9686,17
9687,17
9688,17
9689,17
9690,8
9691,8
9694,8
9695,8
9696,12
9697,12
9698,12
9699,19
9700,19
9701,9
9702,9
9703,20
9704,20
9705,14
9706,14
9707,14
9708,14
9709,4
9710,4
9711,16
9712,16
9713,21
9714,21
9715,3
9716,3
9717,15
9718,15
9719,2
9720,2
9721,5
9722,5
9723,8
9724,8
9725,12
9726,12
9727,5
9728,5
9729,12
9730,12
9731,1
9732,1
9733,21
9734,21
9735,17
9736,17
9737,17
9738,5
9739,5
9740,7
9741,7
9742,23
9743,23
9744,21
9745,21
9746,22
9747,22
9750,2
9751,2
9752,23
9753,23
9754,8
9755,8
9756,5
9757,5
9758,2
9759,2
9760,6
9761,6
9762,22
9763,22
9764,11
9765,11
9766,18
9767,18
9768,11
9769,11
9770,19
9771,19
9772,19
9773,15
9774,15
9775,2
9776,2
9777,2
9778,18
9779,18
9780,7
9781,7
9782,2
9783,2
9786,19
9787,19
9788,19
9789,16
9790,16
9791,16
9792,16
9793,9
9794,9
9795,9
9796,9
9797,2
9798,2
9799,14
9800,14
9801,0
9802,0
9803,23
9804,23
9805,16
9806,16
9807,17
9808,17
9809,14
9810,14
9811,20
9812,20
9813,16
9814,16
9815,5
9816,5
9817,9
9818,9
9819,19
9820,19
9821,16
9822,16
9823,21
9824,21
9825,24
9826,24
9827,19
9828,19
9829,10
9830,10
9831,22
9832,22
9833,16
9834,16
9835,6
9836,6
9837,17
9838,17
9839,5
9840,5
9841,20
9842,20
9843,8
9844,8
9845,16
9846,16
9847,3
9848,3
9849,3
9850,19
9851,19
9852,7
9853,7
9854,24
9855,24
9856,0
9857,0
9858,8
9859,8
9860,9
9861,9
9862,9
9863,9
9864,8
9865,8
9866,8
9867,8
9868,5
9869,5
9870,5
9871,8
9872,8
9873,19
9874,19
9875,11
9876,11
9877,11
9878,11
9879,9
9880,9
9881,2
9882,2
9883,23
9884,23
9885,23
9886,8
9887,8
9888,23
9889,23
9890,24
9891,24
9892,17
9893,17
9894,2
9895,2
9896,6
9897,6
9898,21
9899,21
9900,2
9901,2
9902,8
9903,8
9904,8
9905,8
9906,9
9907,9
9908,23
9909,23
9910,9
9911,9
9912,23
9913,23
9914,11
9915,11
9916,11
9917,8
9918,8
9919,16
9920,16
9921,19
9922,19
9923,21
9924,21
9925,2
9926,2
9927,12
9928,12
9929,17
9930,17
9931,24
9932,24
9933,11
9934,11
9935,10
9936,10
9937,10
9938,10
9939,16
9940,16
9941,13
9942,13
9943,21
9944,21
9945,22
9946,22
9947,9
9948,9
9949,10
9950,10
9951,14
9952,14
9953,10
9954,10
9955,7
9956,7
9957,11
9958,11
9959,22
9960,22
9961,6
9962,6
9963,24
9964,24
9965,6
9966,6
9967,5
9968,5
9969,19
9970,19
9971,17
9972,17
9973,21
9974,21
9975,19
9976,19
9977,8
9978,8
9979,16
9980,16
9981,7
9982,7
9983,9
9984,9
9985,0
9986,0
9987,8
9988,8
9989,2
9990,2
9991,15
9992,15
9993,10
9994,10
9995,21
9996,21
9997,10
9998,10
9999,10
10000,3
10001,3
10002,7
10003,7
10004,24
10005,24
10006,11
10007,11
10008,0
10009,0
10010,9
10011,9
10012,6
10013,6
10014,12
10015,12
10016,0
10017,0
10018,14
10019,14
10020,6
10021,6
10022,6
10023,6
10024,6
10025,10
10026,10
10027,20
10028,20
10029,17
10030,17
10031,14
10032,14
10033,23
10034,23
10035,3
10036,3
10037,8
10038,8
10039,19
10040,19
10041,8
10042,8
10043,5
10044,5
10045,11
10046,11
10047,0
10048,0
10049,0
10050,12
10051,12
10052,17
10053,17
10054,14
10055,14
10056,0
10057,0
10058,10
10059,10
10060,20
10061,20
10062,14
10063,14
10064,15
10065,15
10066,20
10067,20
10068,3
10069,3
10070,19
10071,19
10072,20
10073,20
10074,16
10075,16
10076,2
10077,2
10078,23
10079,23
10080,23
10081,17
10082,17
10083,8
10084,8
10085,20
10086,20
10087,12
10088,12
10089,6
10090,6
10091,6
10092,6
10093,5
10094,5
10095,20
10096,20
10097,20
10098,8
10099,8
10100,8
10101,12
10102,12
10103,12
10104,21
10105,21
10106,21
10107,24
10108,24
10109,17
10110,17
10111,1
10112,1
10113,20
10114,20
10115,11
10116,11
10117,11
10118,20
10119,20
10120,14
10121,14
10122,24
10123,24
10124,24
10125,24
10126,12
10127,12
10128,23
10129,23
10130,23
10131,12
10132,12
10133,12
10134,12
10135,14
10136,14
10137,2
10138,2
10139,16
10140,16
10141,8
10142,8
10143,22
10144,22
10145,2
10146,2
10147,21
10148,21
10149,3
10150,3
10151,3
10152,6
10153,6
10154,9
10155,9
10156,14
10157,14
10158,19
10159,19
10160,11
10161,11
10162,0
10163,0
10164,24
10165,12
10166,14
10167,14
10168,2
10169,2
10170,16
10171,16
10172,16
10173,17
10174,17
10175,6
10176,6
10177,24
10178,24
10179,1
10180,1
10181,1
10182,12
10183,12
10184,12
10185,12
10186,12
10187,20
10188,20
10189,23
10190,23
10191,19
10192,19
10193,21
10194,21
10195,0
10196,0
10197,24
10198,24
10199,3
10200,3
10201,24
10202,17
10203,0
10204,0
10205,7
10206,7
10207,7
10208,7
10209,7
10210,12
10211,12
10212,12
10213,12
10214,15
10215,15
10216,15
10217,15
10218,23
10219,23
10220,2
10221,2
10222,6
10223,6
10224,8
10225,8
10226,10
10227,10
10228,15
10229,15
10230,17
10231,17
10234,3
10235,3
10236,12
10237,12
10238,12
10239,17
10240,17
10241,5
10242,5
10243,10
10244,10
10245,9
10246,9
